3953
21633
9446
4374
23367
21971
29233
79
28226
27982
14017
4700
22290
23810
10999
5271
22680
1197
14861
7124
1898
8849
27076
18560
29528
20642
19151
6469
18642
1096
5264
10585
19263
24774
15402
9840
3032
20141
5968
25836
23895
4937
10138
7820
12545
3959
29727
10706
25364
6846
12267
15236
8692
14417
20248
16367
19841
29356
6962
19655
22181
135
10957
16625
21541
28679
6140
24053
19274
4538
16379
23437
8212
8726
24719
11672
18725
7532
1711
16052
443
26212
513
3807
8021
18679
28552
27334
23717
27465
631
6504
2111
19664
16356
21746
22079
21545
6927
10354
13020
2352
29345
16229
20741
15696
20010
3183
3839
48
16438
18386
9901
14068
23337
17865
28568
28794
12493
4241
11066
11407
19963
15794
19097
2718
22095
19639
4195
16413
7321
21000
26365
18719
19281
8655
4963
29204
1774
7703
6124
9304
8228
12457
24190
13489
28160
26775
23022
16034
4341
2960
5154
20266
16820
16371
12852
24984
24101
5923
11479
4295
15509
18167
25069
2511
4527
11184
8946
18753
11949
5168
24046
10473
1426
13854
10699
16994
22070
3385
26699
14011
11841
2765
14106
8326
11782
1484
27967
18926
29643
9480
26770
11809
12008
8471
27509
3543
28111
18690
241
19899
381
12943
20513
25853
15
4331
25462
29912
16411
8415
2185
2814
15228
8042
14260
18197
21782
11228
22186
3686
24082
22121
6050
26906
24036
11367
13665
16054
18322
1568
16712
5718
27702
24875
16042
22185
25932
12992
15699
4507
14159
598
14877
4100
12478
25811
27193
12938
24489
9772
15352
27822
8442
25186
21009
13584
18521
2858
17974
10462
2212
10735
11985
27676
1137
11983
15371
22108
16067
26771
28310
21356
14250
8696
15171
29005
2781
3101
1662
25585
13475
729
7469
2429
19249
6351
1998
14860
11637
20604
27960
6957
19287
9527
12687
9718
18820
2568
26793
13045
3131
2880
12147
18269
7946
16953
19913
11005
29730
25444
1375
25297
17863
17819
24499
26308
394
18059
6046
8313
24526
25680
12753
1425
24578
25152
5373
18931
23677
9813
28094
8911
23101
29448
7976
6075
21275
26959
14328
20084
13239
17007
20703
16557
16593
2760
25
17189
19321
1918
6304
26231
24579
26530
18163
14528
10170
6356
25357
29030
3158
13791
3618
21577
6581
26736
10144
26566
16408
8869
16869
1066
16621
3749
8618
13822
3405
12788
14121
11552
24385
14019
20956
6945
19653
21661
21694
28489
19989
425
18126
23105
1541
17932
19695
19183
10110
9028
2896
15910
17857
15821
25782
23523
23142
9187
19328
27722
17454
23804
27870
16880
2274
21845
28259
22657
16779
5310
11701
26149
19823
1938
1482
24933
4207
23053
21054
5054
686
2248
11218
5917
13708
6066
8886
5560
27552
4828
1610
12969
24485
24227
2394
10589
24665
29069
6835
4625
4827
3576
23881
22090
20410
4613
28023
6662
27167
9019
19259
17278
1287
22995
21833
16509
4310
22007
17631
20896
8660
998
10423
10492
7556
15845
19106
29891
26314
5475
2445
5509
4948
12608
3739
26426
28738
5065
24704
6750
16674
14839
19267
14656
25181
13161
7829
1620
28893
26086
9558
28132
7487
6556
1952
22466
21423
292
19014
24026
5447
6055
11545
11514
12304
8961
14929
13390
21160
18073
15855
24588
24884
20442
10499
464
9498
11801
2546
20249
29363
22503
21570
27498
15229
7211
2269
28613
26475
14001
26381
24456
25910
16570
24481
8421
22794
4749
5152
21707
10766
8238
5580
25164
27886
21038
1329
16900
15253
7006
4062
19964
4545
29292
18311
4866
2002
13605
7344
6563
2314
12558
3737
27051
24747
8395
13958
10704
22589
15929
21034
8714
23976
657
6302
25330
8175
9279
2998
29604
10687
576
29498
16975
15698
22408
29056
23883
29149
6
3806
14579
22405
25804
29515
11115
7925
24990
254
4750
29916
22487
25719
28200
6347
9014
20934
10847
5806
15384
4639
6693
25835
28751
1863
29850
26091
2087
27818
25720
21300
8719
23240
1437
29740
26318
14381
25279
875
15036
4955
1958
28753
14700
22031
22783
26460
6064
20716
6883
19907
8865
19540
11649
10344
11011
10519
13792
21525
2164
6998
8119
10314
7910
29359
23341
24135
9647
12076
9025
15530
11561
25051
17530
21719
23734
11106
12786
12805
10442
16297
15089
11219
18478
4370
15514
181
12799
23171
22843
171
24967
6237
22990
24194
734
1517
6448
10336
16402
29853
9673
4169
27520
26980
10364
3383
28740
26580
28335
1521
18083
15815
9214
24049
27118
1589
7023
23269
13846
29924
22903
1165
696
10851
28742
2633
17441
4664
3644
7022
7669
25090
14014
23909
20382
26330
9526
18857
23019
315
24717
20938
20558
23017
8424
11587
7972
2741
29444
6909
23488
27878
13352
4272
24547
9550
24709
19480
14229
4762
22103
9923
21913
10076
29154
1617
9891
8850
7959
6008
19418
28972
19489
21805
19461
27403
19380
12628
19293
22723
19309
14676
2769
29994
9459
11059
24844
3348
6769
14466
5265
7819
10905
17840
12259
8630
29195
23837
21337
3745
826
29421
15001
6779
12380
26908
11754
29112
28695
9815
11756
5481
25621
28274
20770
28210
7577
7414
11998
23558
15887
13204
27543
13695
14457
8273
19630
14403
20111
29825
9689
20374
4074
7346
3909
13834
23133
10238
11139
14009
11764
9373
11302
16370
10049
3265
17154
3647
27913
14842
23349
28889
28170
7453
28805
28036
4141
5115
25265
9965
26262
6487
28104
6967
25212
23285
27744
6197
19376
23258
15687
14245
20301
6754
23863
1234
931
8249
8147
29156
17516
22931
28455
29830
5914
29489
6625
10051
4061
9703
21350
21101
9159
20733
22348
22855
18212
730
14500
10778
3011
15168
19000
4513
26939
11380
16491
4026
27495
9469
14638
19037
20948
28114
1986
26672
13486
23624
22735
11392
22718
8339
11095
13411
24428
19576
7442
17854
7393
29209
7874
22480
10325
29731
1160
3549
25130
27092
12132
13998
19982
1584
23336
11415
13809
25266
799
27729
14705
15192
22717
8309
3472
21182
21445
16558
18623
10995
6421
23018
10127
18499
23044
17866
29868
16612
22452
21178
1923
7690
15884
9814
9204
21844
14295
9554
10635
15589
23471
24422
15311
23482
18209
5708
2742
4798
26760
6084
28720
10384
16314
3364
39
24548
8862
21834
14712
25078
14111
3504
2661
12002
29702
4219
997
24407
3233
12855
5245
6871
4752
1835
29689
509
12251
320
27366
25174
5551
18879
97
9155
2471
9101
6036
5430
5392
6989
3225
5691
28244
27969
558
17259
3856
5041
27222
13148
10454
22368
12699
28250
20591
28737
18454
17373
20831
18992
3871
14358
20551
28441
21925
21310
10786
6533
21176
11673
21375
24308
8751
2378
3459
6273
19557
18648
21373
477
2770
1848
3380
22102
28706
5372
27141
10676
27970
20920
7288
5053
17416
16718
4737
5138
6114
5180
22165
17068
10693
23063
26538
5675
26754
12274
21992
21008
7803
25034
17063
9143
23068
22370
23782
2217
25595
10162
2361
27516
17679
22991
3730
19530
17953
29813
8345
11962
17055
8027
10226
14481
17909
17271
29938
18862
3091
2003
7277
19137
9463
21435
5744
24257
16431
27120
27437
1648
1282
29446
26041
2123
23622
613
16284
884
29988
28266
692
21028
18851
5795
2117
1818
4016
11497
5588
17827
10649
24722
10750
18254
22442
14795
13748
25701
4946
15334
27834
22210
3744
7595
1302
19374
8627
5937
1924
16472
2717
27234
13749
2083
1446
2458
5027
19453
16312
20260
24364
18979
13962
29521
12837
22882
18745
14879
2239
14008
22683
25014
19051
4410
25016
6455
2355
26807
16524
8715
7930
20132
22782
13648
28447
1032
11177
12825
20173
24440
29347
2131
20360
2469
21973
6241
10612
24326
9330
6093
28303
18076
8910
4240
17831
92
23360
14015
5377
5827
10958
28660
16858
1293
18191
20791
10199
26233
9218
13945
25374
22677
24188
23840
3238
14794
24558
7295
17735
3855
2459
25681
29257
9177
12997
18420
25634
28771
5769
14978
1886
7559
8993
27013
21953
24096
24129
24339
5515
4666
5845
22482
29307
28382
12460
21389
1104
2441
22388
17600
16989
4230
6373
14
11773
16854
29170
27596
6489
25481
29222
15556
22786
29194
28604
6890
10428
27036
14024
5433
6736
1631
27698
14115
10743
10561
16876
10650
27042
16080
19761
21618
14129
28314
12598
5698
27304
14629
29413
18904
26575
19732
13965
11046
14228
18682
19782
8257
27609
26546
12523
22080
15452
9351
17818
26423
12613
3918
2435
10607
4407
6361
5336
5221
25881
27445
981
11989
11149
26658
5965
7331
17832
11414
19654
18814
24977
6657
14722
29394
25104
20179
4774
16269
1371
4914
25509
11893
11190
13308
463
6263
26107
29894
4995
6456
5321
6314
3952
26737
29743
7948
28188
13193
26680
16333
2055
19505
25675
23358
17894
28668
26598
29487
6617
26495
16748
24035
14271
7421
11194
12324
23590
14903
13526
23249
22244
16230
11110
23735
17445
9442
3929
29607
26533
12027
18872
12028
10191
13750
20881
6613
28533
3974
2419
3893
2882
7029
21079
7541
17205
19735
27317
8064
29799
18343
18973
21480
13131
8322
16745
16321
22306
19253
6764
2099
29873
1151
5632
4651
18993
6458
23954
14006
12999
5184
9835
13557
21895
21748
7613
26051
3324
28599
22220
4448
3317
26645
24015
25584
21512
6101
10736
21274
22827
28427
27240
11371
16860
15921
18883
19203
25952
10970
12333
2702
10316
7687
8943
15571
7787
25558
9169
1416
26585
26864
20052
9219
13501
3480
12179
18093
2238
17360
8902
25011
22939
12414
16574
21558
26656
25240
6867
20943
11532
705
20336
28333
15820
26989
10280
15619
24524
18054
260
22595
16783
8320
26464
10091
21364
19886
11589
8343
27522
25581
27109
25327
2697
26695
20178
13405
21975
14609
17841
28285
14150
766
27110
17609
228
18481
4659
5807
3938
3671
5874
6121
14863
25718
3426
2821
25942
9098
18489
3934
16781
4978
13883
3827
5553
17542
21080
9931
13866
6832
18313
15329
15308
12101
6049
22443
13693
3369
4476
14340
13481
27374
16076
25529
29185
11618
20230
14533
24087
18020
24302
19144
19252
5911
28584
18090
26490
29584
18832
18684
21149
18404
19760
15345
12343
1921
7061
11060
11057
9138
25635
5616
23753
13158
28126
23834
270
16136
21777
29544
6479
5915
26878
23498
27238
6698
22643
5500
27128
29879
18149
19237
22151
4803
18966
24224
29012
14988
14504
18008
27899
14182
25685
16721
28344
29024
28969
13080
4669
11547
11798
2746
1103
14220
6974
9111
19818
29903
13027
13404
8317
25450
25267
6732
20887
10145
9423
12633
14683
9644
7554
23450
29581
4164
19209
1072
21241
27771
19338
18744
8742
26515
9994
2553
3853
9125
21372
3309
28678
14201
14396
5605
2186
25303
26967
1988
25418
26145
6970
14615
2359
18878
11762
29365
570
16008
4106
22540
4791
26842
21726
24756
15577
370
26002
23629
11230
20097
24372
10394
4854
8855
12260
16522
5474
28149
8286
15019
11255
11488
26294
23944
4996
3346
2580
423
80
3221
27460
27752
11563
17137
2901
1221
14092
22557
22038
8796
14117
16348
18152
16826
28280
8386
8120
7253
26042
6208
28688
18470
20769
23727
25737
2835
5533
1039
18593
523
23851
23176
18224
6148
26380
13696
9210
4226
9874
27805
25904
12587
4118
29870
15565
36
10624
24406
6916
13452
16195
28640
12128
5953
4703
10751
11075
18346
3172
28222
27136
9529
9427
2423
19271
22648
14496
3356
16185
23154
15314
17943
20724
23164
3567
27432
19625
10228
22731
20285
9350
2160
14409
14149
5583
19821
23917
14889
9199
14548
10328
303
23891
16811
17144
16795
24792
29800
29178
17801
24775
20923
15273
21341
3314
20187
20980
23874
15350
11530
3656
26386
16021
28750
18841
16441
21838
29272
7055
25861
676
23664
13133
11258
23745
5111
14535
28892
22345
26869
146
1751
21770
27615
14480
21171
20035
24510
4681
24755
3748
29999
1565
18637
8433
16163
27138
16180
16770
24223
3787
12841
1142
16976
25256
3140
12203
3030
9653
27377
3655
10147
16139
16074
6393
17694
14874
10855
841
15686
16239
18967
18759
20320
13718
17655
20102
26819
14287
10407
11863
11376
3350
27089
2694
29997
1803
24329
1203
1855
5885
10874
11609
9353
3277
13317
13114
3329
20773
29542
4405
2343
6118
18033
3282
29822
5049
3800
15835
11623
10738
28481
18237
8230
7069
13520
23423
4660
21684
6676
24204
16305
7050
6146
2540
10098
8308
28547
24000
9088
21867
20039
24768
3831
9935
12290
21652
12065
14972
8817
17359
26208
13800
18542
23576
9719
27002
20090
14000
24630
4705
8250
26432
10794
17950
3595
8596
28134
18381
20582
16495
6652
11448
10020
10645
24056
26085
22521
14302
16422
19785
19605
1824
24948
27074
12529
12737
28966
6501
19744
6903
7099
14567
19881
14054
23324
18146
21601
20810
9581
10889
20181
27624
3483
1682
12396
404
3829
15763
14649
814
6843
14445
12925
7332
27750
13294
25727
6869
19802
28066
3852
9670
22993
5096
19662
16538
7042
15943
29857
21676
23607
11581
16092
14040
7557
15944
13473
19495
8397
17578
17302
5713
26311
17435
21096
10965
28359
11471
18375
6071
20329
2241
10073
26706
24991
29431
12847
6077
7885
28774
23896
18703
13453
25742
4877
3477
13712
7118
5066
8641
28981
7342
6730
22231
12339
17270
12375
27668
27631
20414
16018
7036
16879
3080
24826
27715
5924
18972
10798
22311
22060
2857
4245
22458
29300
17891
1805
2890
19221
10115
2112
28616
28268
3187
2906
20163
13142
2322
28989
15366
15957
13306
14371
17499
1024
3333
774
21299
2208
14513
18325
21909
16250
17184
8760
14785
5581
27059
7497
4052
524
15222
18981
10924
15706
5341
14510
5967
24157
4297
3751
4989
18088
7078
27887
8436
27241
26222
9089
17355
5951
21612
28996
9190
14023
15879
13173
15449
12861
23094
18523
9468
26705
17580
14740
809
1202
2443
12637
15955
1908
19645
20494
18881
6418
197
26732
10448
8127
22667
5306
5236
6435
27499
20567
11241
2854
23426
10164
22014
29026
14592
4065
7309
9755
13598
16711
23300
14511
27713
529
3202
10030
12809
17440
29440
6318
16988
8438
11693
23720
5954
27759
20678
5260
14113
24983
18341
3715
11362
10891
25298
16962
25207
12206
8333
20574
9312
25474
10953
13859
12835
16421
22580
26493
7290
1391
21943
13183
6447
20970
2961
10414
19310
16065
26075
2237
6024
4318
5127
26206
17993
24500
26268
1333
17855
12572
1139
6626
9912
19810
2579
28672
3319
7982
9108
8667
16219
5101
2714
5765
17581
6363
7030
2696
28684
25606
3215
10616
8986
7088
24179
13527
24494
23539
25660
23703
29661
23280
25641
9902
14673
2106
17594
7989
16242
11323
11243
17675
6733
19082
22924
11495
18226
20509
11617
7873
18886
22386
15175
23127
5286
346
2723
10451
2914
23963
8292
22571
4981
18769
3712
27632
5227
25900
8918
8493
14079
27517
2118
23968
16004
11520
25124
11865
11039
28838
19234
24206
17737
14802
1884
18352
27140
1305
24298
27464
3682
25154
15790
7955
29404
26277
8455
5253
22703
21940
2084
28065
28462
29785
15399
13960
218
25820
3392
22077
17758
4786
3396
3120
11846
27605
13779
4033
21727
21861
22696
11236
20407
7194
21262
2372
1890
6703
19040
27810
26468
19934
27041
5085
9663
29080
4306
15181
16313
15017
12007
8851
12520
27117
3423
18728
23020
22555
15326
2987
4158
13478
5908
1677
23980
25073
21593
19608
25235
3308
15142
23215
21520
22778
10441
5325
11192
24668
7010
3564
10395
26161
3123
23920
208
7778
28338
11123
26769
12926
2134
6170
21606
12353
10045
26579
26001
14728
3372
9012
23833
25851
21828
15782
8959
13978
26924
7596
7729
15969
23990
6160
12015
7511
20803
4162
9932
16865
26078
18917
7417
27902
10319
10465
16997
9640
10931
7915
14236
1181
2557
13713
1256
19063
5979
10843
13830
9368
17464
1363
1876
17117
5603
14878
1246
9947
4089
7461
5012
12102
4340
21797
10539
14356
19426
14660
17279
16893
23346
14385
21170
21441
11713
12125
18507
28961
25752
27046
22235
1428
20325
8041
5156
17029
15694
12579
1830
12363
12299
11425
25684
9646
26513
406
15993
9582
18597
12422
29558
8355
215
28289
8695
21801
20767
2620
24684
20214
11013
29227
290
22471
18182
7156
8216
24253
12684
13393
6113
7404
5419
19843
16460
3874
14003
18067
20639
3631
29507
1709
15316
12082
18202
7292
16696
10881
7969
9594
17450
6632
3931
18938
24023
12168
24642
15447
29411
17610
14030
7373
3792
2944
28837
16620
7457
6052
10488
11930
6664
29851
16477
26128
21948
29987
20535
13935
5139
27142
4140
10663
25865
8033
24646
28588
28541
29928
29247
9221
5993
28999
1749
24278
16855
14157
21806
24619
23186
559
26573
13468
19392
9568
5764
10669
19352
4842
12967
9863
12944
26038
27612
21685
11088
1828
13069
13112
9667
18441
21014
25667
20715
27693
21847
4901
15811
1843
28191
28693
17256
4069
27007
8724
24346
13659
24102
3268
29321
11338
12491
3503
3683
19663
18118
17486
5801
16235
24567
6468
18688
2799
6737
19995
2022
2045
22248
23441
16107
24858
1814
20788
13258
8305
3264
11369
5125
22833
14561
4920
24008
9314
22846
11157
13694
6205
15187
8568
7079
21123
26626
10922
4356
452
12773
14067
7376
10863
29252
20722
14044
28855
11179
7261
4187
29582
28341
21675
17161
28554
8577
19829
27019
19093
29795
16160
11459
3495
5994
15776
26708
18704
27373
19705
54
4802
28886
24509
27232
11447
26138
12123
13078
26077
6012
16027
27801
15770
19516
6248
24334
28469
20783
23533
17967
12539
13057
19565
22284
21745
782
8747
19107
16111
2507
573
8545
29245
6343
4951
29000
17938
10804
187
21958
1660
28073
13991
11779
2650
29520
366
17946
18717
26674
1511
21970
16947
5259
21163
11350
22566
11120
14776
8018
339
5112
11917
10975
646
7449
14056
4477
19595
23730
11634
15774
172
10377
24927
25940
6350
14743
5106
5185
25757
11926
28980
6409
27573
4043
4094
12946
7632
23951
27124
21668
14418
20134
2648
25228
25361
24024
575
8717
28369
7270
26535
26830
12914
20950
12489
20978
8890
554
23231
21440
29664
21869
8635
17860
6492
11927
9500
21451
8503
24017
322
2877
25381
15196
14739
22695
1675
10158
7882
5421
20939
28265
6820
13993
6398
15411
1903
20295
6888
29320
9722
6848
15317
8833
13165
27314
17672
19622
23130
29540
9739
12467
6645
29331
17384
9474
1603
25735
16769
26827
20158
14119
8206
24625
18957
8578
317
2072
3209
23946
29777
27866
25409
16603
16170
12170
21589
4894
8867
22076
13968
25896
6151
3870
23069
29004
24255
22918
27103
16648
19772
11943
12568
14923
10923
2830
8182
8383
6889
2385
7998
23381
8015
6999
14981
24915
3389
13223
3841
75
4385
10714
6597
20705
8802
23828
8473
18962
9896
28714
5556
353
16940
13645
17071
13054
27735
11879
18013
16611
24444
22336
20987
9963
22714
20388
2320
2980
15689
18130
17412
26194
20696
18988
21820
7087
20393
20832
14234
11716
29983
12483
552
20977
22994
195
15576
12850
14102
18751
9556
28140
3596
15785
21567
22623
14342
11676
25358
11099
7150
1956
22453
14027
24779
29270
12527
8593
3680
26966
26504
16870
16249
17446
9126
9830
279
20133
3108
20186
29298
7804
4755
29236
18333
16206
4449
12826
22722
3430
22812
17738
27755
28306
25068
3046
3456
29002
2868
23659
17633
14967
17132
1210
7450
16802
22849
9251
24765
11757
23310
19717
1713
4024
3086
11487
990
17126
18850
29657
17014
17867
20596
15953
7105
8861
15022
19088
19112
6078
16452
26447
11298
15309
1516
6801
29163
16368
7892
26364
871
21214
7627
6073
29017
19170
6710
14530
5317
10511
26407
20712
179
9534
21272
23778
8394
8398
10080
9744
17957
18794
9779
17131
12685
2203
14071
24550
5255
4612
20812
27659
26265
23973
27071
11096
29361
10498
26954
17509
24273
14098
26322
25100
6461
17693
10895
22280
25326
17836
23026
24148
1403
12674
10264
3036
10796
19413
6062
605
19211
18756
8701
20817
19972
9227
6707
4658
2510
4213
16957
5466
9026
28454
29337
23633
10260
23012
11971
23756
7395
13543
19518
9006
15265
28867
12865
19669
24962
29271
13356
22212
625
665
3272
17182
21211
16270
19675
26670
7718
6507
9783
3269
2245
28747
16571
19853
8451
17816
12622
8068
27067
24058
21109
1443
3103
3242
22013
11290
4463
8672
11743
28839
9464
14581
12515
3181
738
1003
5918
7508
10823
8563
23800
18561
22476
20868
15018
21849
4440
19358
18893
27178
22619
3641
9043
4189
21821
4080
22439
29034
5958
26000
23234
8254
3709
25173
12145
27704
20808
25573
24620
14185
19384
19952
12468
11739
28681
18330
8162
1453
16821
4390
22586
1015
50
5357
4819
25179
15588
11508
18041
14508
21164
17519
4701
23969
27939
29433
4253
27168
8303
28407
1468
26804
2342
5383
25313
19649
18134
23388
12588
16044
3139
76
21035
17766
14064
5663
16494
18899
16174
19393
1154
6808
17988
4030
11884
13552
4411
2532
2967
22440
319
15628
17192
11543
11826
12059
21875
26010
1878
22842
29883
521
851
6644
24325
16135
8766
1742
1381
29648
10209
11317
12345
12675
26048
84
15455
2317
24310
27579
14401
23801
1205
3060
20373
3608
28243
29187
26958
9107
12212
27836
29933
29182
25520
1012
4997
23537
28088
11209
21426
9324
23544
19071
26731
725
8079
35
16832
23771
8847
3614
333
26950
19507
18187
28063
4643
22407
20874
19388
28353
23187
557
19617
1059
29965
25868
2726
21334
24313
9981
8647
25028
12556
10082
18581
20654
6415
26117
14610
28499
20617
9665
20659
6493
6083
8173
28293
11768
28796
22800
12658
20454
25312
24571
23208
14378
28472
27147
4152
23118
26162
15216
25204
3826
19666
1237
10004
9976
20533
12833
19558
9295
29745
22431
22986
13132
16331
7956
29769
10387
17109
18299
14415
10306
29623
29189
7281
1480
25021
9674
9544
24849
4926
2488
10071
26198
24033
13832
6099
8856
29344
7268
25077
23323
6720
13548
20633
23572
13909
20726
8809
14313
1268
15804
8181
17305
24585
5121
18859
13203
8965
3810
12883
9289
24168
16016
4512
27666
6312
24919
10054
4290
9917
2990
13357
16615
19575
8793
22217
211
9228
10813
24591
29087
4673
6526
11036
8301
28021
6787
27912
17826
29341
11003
1733
3902
2519
22506
7398
9333
15511
12249
21045
28906
16295
27844
18129
29211
9031
8390
16362
27650
19200
10041
8822
11480
18304
6763
8819
1033
2456
21677
22046
22840
23294
28807
18094
4781
5879
18037
19646
27689
11033
28503
16156
2772
8012
26201
21165
19434
6688
14375
17474
6271
14562
1944
18536
22954
28178
11862
7306
15629
3153
26703
26861
12386
12804
10322
15678
10925
11633
16025
16258
2662
28253
8858
25070
9369
6028
1260
29249
7620
5273
26044
26997
29128
1141
24823
12629
9993
29443
3467
23204
24850
9275
26606
12063
19856
7749
25651
26856
3912
3723
24400
6310
8460
2884
19733
9385
26917
29676
19720
10629
26155
29935
29188
16530
7176
4931
22663
8437
13498
16534
14669
22628
9743
12210
29776
26285
3508
27848
28047
22909
7504
18827
15673
19176
5579
20544
3275
18502
10002
8939
20677
26629
27528
13717
2414
15120
28897
15097
4544
17227
8494
6753
26854
24797
11235
17322
22187
19538
13591
1894
12104
5794
19704
21701
12553
18170
8984
16171
4387
26438
25321
27113
10482
8731
5131
16098
16317
26881
18014
8623
24718
4722
14725
3989
13837
12184
25065
25309
25698
23658
5639
28643
23505
23723
6378
16207
11274
1310
12991
22738
20528
12257
13957
14078
21245
26331
28729
12548
6457
21768
1360
2310
16480
3905
397
19004
2011
23157
20757
27301
13951
27490
17385
22029
14454
9094
14718
2177
23571
13870
24446
309
14347
7522
8571
2251
21641
22017
7901
28208
1912
14196
16847
13848
28456
8188
9786
22632
11577
22605
1930
27906
21196
12370
2007
13214
7077
4168
7121
24044
15528
3511
1178
3539
18084
21886
17648
10411
2066
1473
25643
1515
6678
19291
4128
14539
9848
14254
6311
26209
1161
3395
5143
24828
14701
26747
9408
12341
18124
17444
11015
7715
5281
26764
28084
8472
22493
1989
23046
11156
2115
26594
17410
19012
25402
29755
26833
17494
17402
444
16631
27794
22784
5733
14688
21560
11078
19633
23299
16575
21148
8896
22979
1449
11191
10633
26047
29547
10275
4032
17134
11279
12051
9000
4756
20106
8677
12423
2902
1540
15358
19437
12156
15064
19756
7275
8010
11767
8743
6673
25023
1572
19806
6978
8895
19801
20271
5817
3062
9342
16526
157
9197
14980
2254
6576
19198
17260
15381
7271
26984
5262
769
29470
17979
1472
345
7645
29289
4734
27305
3004
12230
17370
9641
15518
15030
8703
1444
20916
14038
23024
11797
3349
19484
23791
25157
996
14455
11979
22483
16079
23849
17168
21951
7337
21863
17493
14276
21085
19851
18166
15405
6629
3303
10453
10148
28077
9399
6315
3969
9363
19589
1875
5425
221
10730
15644
20829
14395
27216
12747
1905
5865
5561
7869
564
8406
3481
29655
2778
10837
28987
1052
18257
19108
18661
28723
7592
20396
26399
3452
19514
12321
16691
20292
3069
24600
11146
28236
18117
1231
7798
25580
4770
12718
6666
26898
12519
1466
22381
28196
8721
2561
14315
26564
6804
9303
3306
26929
15741
26947
677
15568
16937
14734
17768
2417
21826
5064
21870
20348
23369
24730
14645
23986
14408
29974
25304
2847
8581
15474
5532
21950
20258
12694
20419
20691
5799
29181
24118
13784
11749
28422
16533
9945
104
16231
13297
10245
23742
11936
2495
4944
23066
17378
132
8026
3165
7957
3444
193
5547
592
17564
21700
14678
27488
17977
25145
133
26160
20616
6724
27408
19382
16383
8205
13281
17834
26899
8484
15362
25576
1821
21574
26673
16823
23359
13187
28158
13199
5861
7052
17463
17048
1738
4159
7245
20607
11645
2732
305
401
24632
16217
29706
23886
28109
356
14042
2871
23983
26562
8101
21790
27468
28520
24563
28090
13798
25328
9137
27586
16468
2124
14047
3112
14123
2524
24120
26227
26572
22196
6635
2965
21343
21089
7148
16690
5107
24750
25414
3055
25887
18511
11858
19779
18799
29049
5289
17861
28597
11867
447
29801
23352
11297
6366
9045
1097
17566
28273
20354
19327
14977
22363
27852
22301
11490
19467
22526
26283
16429
10024
10850
20036
16046
3246
24436
29570
28070
22607
23194
29400
26355
13532
11632
14765
13900
9209
27613
15138
28513
24960
15808
16110
6267
6278
3205
13081
15497
6555
8689
4939
2016
17119
19778
3096
21705
6611
2707
1397
14924
29855
23511
26907
1948
15881
20242
13814
20054
15151
19712
8223
12349
23485
26946
17710
20358
5167
26306
22324
22758
28168
3836
7585
6966
27056
13474
8358
4268
7825
2999
12599
12277
28329
6877
7381
28383
24366
26151
24802
25120
3901
23393
17513
2978
23557
20148
6548
12465
11596
7834
6473
28258
14177
14112
26752
11280
10116
10546
13769
28718
5700
10501
19918
17204
15833
7185
12535
2136
23315
5727
11896
11320
20765
2214
4228
6685
17677
11048
26973
4166
29697
488
4991
10315
18970
11566
27406
16726
2012
15183
29943
9444
23295
8329
13561
8845
14257
11796
13889
16396
8614
13044
9870
1140
12165
24611
669
18956
28860
9760
14786
3719
7301
13524
27503
5823
47
19342
24420
4521
9336
25982
15330
3767
21667
11640
26791
20433
23867
5186
16992
3922
3946
19364
5424
502
23027
27020
17073
26859
23413
15654
12975
8275
16141
14888
23941
20909
6107
6154
9652
13371
2060
19757
7227
24535
23075
1081
12843
13205
21313
4670
27322
17657
20468
27714
6266
12357
19865
3866
21298
25389
13032
27175
23241
20444
3840
12702
6290
14945
16794
26662
8673
15053
6527
957
7528
15025
4588
11692
8194
4433
22610
9016
20554
29198
25731
19098
14062
17162
29613
8136
7318
9310
14435
22531
24423
15244
17453
23648
301
3105
1708
19919
7784
392
5431
6453
19560
15055
13226
13491
25284
26027
12080
13200
21284
22394
7403
4905
14230
3645
15748
10678
12857
1791
19389
15466
10754
21638
10278
15984
5646
3888
29147
11133
789
12787
11507
2363
25603
18829
12208
21744
19155
15034
14350
5582
2474
17318
7883
25122
13166
20768
8681
21087
24052
14026
19477
3815
12867
28683
3769
19573
19067
15149
3399
746
19515
12962
29610
2936
22051
21813
26514
29811
22011
4486
10854
16978
24473
24666
915
7695
8611
14630
14759
1373
29696
6740
13722
14564
805
19053
16623
8288
6899
20255
607
28868
28044
11408
2369
10040
19961
17090
5758
13074
11997
17118
23355
12643
5329
5761
10231
13336
21246
8634
9046
9367
8225
24622
24377
19620
19191
10169
17299
22732
26570
12091
28471
12851
12712
1152
20508
4971
2559
10631
19621
21129
14654
21012
13755
21314
8360
24581
11601
25272
7499
11657
28464
19699
2609
4912
26326
7538
17991
23228
8853
45
2567
6439
15157
18291
9226
18838
7611
26828
22744
20585
14622
7898
29624
11914
2146
20914
3663
25225
4036
24237
18132
26541
19175
6604
15731
21808
24772
16525
20685
17690
4993
3050
29286
26028
11677
8956
29314
7855
12934
25873
6251
11359
17728
15506
3288
23470
3176
17374
12103
583
962
24108
8788
15430
5436
22548
9284
13588
23243
1172
8940
3281
12619
20698
21772
22223
1198
28276
28194
17900
25171
25644
4927
14088
15733
29829
26622
29475
7719
9173
8259
29229
28914
6054
10015
5936
29309
2329
23321
10856
18701
20833
20136
2470
699
15169
2487
19868
13216
6572
28896
23543
15178
4263
9358
1001
28339
19448
21410
17803
13076
26084
1680
22332
22447
5364
21475
25467
16500
24019
12053
20699
61
25435
24219
26786
13284
936
19129
21244
17968
3404
25578
21764
1433
20318
1625
3943
883
26060
3992
11735
12190
9660
21553
26719
22879
8183
18283
22917
9211
19451
5704
16341
1040
19689
7455
16805
21288
10047
8000
26745
13511
10210
1144
12088
26183
20772
11834
17478
26935
12979
12146
21465
20218
11866
24536
12119
4392
11760
3164
6143
10670
19790
22841
3879
8705
17629
582
24151
16738
24712
14390
12484
23704
10244
6384
660
8933
29722
16196
29334
4351
20723
1757
1193
22451
9278
29787
7239
8349
18933
14087
574
16782
14100
3342
4279
26516
28486
26367
17563
19121
11043
2460
19580
20399
24387
18087
23819
29044
24021
21425
7776
17531
21336
9265
4423
7125
26848
12282
24538
9871
6125
20346
7593
21362
28894
16644
618
21755
14614
27956
14585
11333
24209
10284
25189
8969
25459
20287
16020
20389
23250
10288
9962
7444
6245
7422
877
2541
4112
21843
4824
18958
20196
5997
7886
21158
18004
19998
12372
4876
5120
26709
8302
7100
14070
6891
18256
3371
29728
4934
15965
25172
7001
28387
16747
4584
11332
28776
28018
22268
13688
23614
15831
23247
7385
12740
20760
22441
24341
15935
12354
10963
25627
13437
12577
1837
6494
3406
17311
22357
4119
3861
20548
7865
7659
26164
9918
5706
27413
13729
7184
6837
10487
23109
5018
6348
23451
12442
9866
8964
28424
4884
10372
12196
7363
28559
2613
3771
19722
26532
28863
2731
11074
29057
15005
9032
19714
12845
11136
20127
20944
21213
1690
2570
9302
6599
11642
22143
24658
16824
11171
11709
5987
18823
6878
21188
13601
19315
4793
8729
13513
11973
15788
22092
6168
21810
11880
21628
29124
18790
7927
12784
20312
19173
19559
10554
27719
25988
16917
14169
29324
6675
4784
24362
18442
14367
13051
19438
9954
26395
27410
15772
15285
12322
27766
28993
22771
1138
8141
20932
16279
18051
27414
2985
20128
10529
15049
4881
18824
17520
12606
1297
1698
13273
2388
11674
4999
28995
18667
24608
24738
18171
13444
14081
11517
12490
12254
27146
8166
27931
10506
837
3896
24560
299
220
28148
25143
77
10525
18498
16693
3926
29213
7606
29319
2397
7564
8616
8875
27171
24009
10659
5015
16262
8523
29122
20801
29278
670
10409
5033
24169
11462
13140
5023
15132
26174
19888
18532
13954
18631
23122
23307
18034
23376
7169
12482
23762
9179
1518
29614
25046
409
15553
27895
29877
9370
22854
6930
8217
13922
8769
25283
9842
24616
9741
5906
19257
11051
29150
10013
3043
13365
28634
23092
12154
27812
24419
20998
6320
16966
29262
18710
19914
5881
7365
15299
7143
9518
19207
3250
22078
4305
9996
26648
4589
18148
27404
15048
9103
1295
5155
25424
17848
3198
26182
20891
641
11919
24284
22071
1594
12281
15967
23306
4607
16935
25384
10122
8884
8551
15180
14034
26616
9709
20131
14343
23929
13899
23293
28395
9277
27105
15026
1404
26860
26056
27479
16161
27717
18777
11732
14045
13600
29169
28364
20793
19439
24636
15367
25392
22307
24978
2786
25261
17517
29454
18231
8876
324
9250
10952
9
1979
6015
29241
9552
26843
28477
25452
27224
4889
28743
13653
10580
3777
29773
22497
27252
922
20778
23721
2153
19728
26108
16191
24388
8989
22173
5830
20170
3057
8972
6519
1503
4785
20665
16857
17824
26223
15223
17611
18049
159
9827
23641
14824
10866
22810
13403
23529
26081
1838
1319
13323
2676
16400
23395
748
3014
9982
24957
16733
25747
18360
13128
15605
9997
2046
17028
1182
28661
5671
5542
5078
8873
2150
949
4344
17543
13760
12225
979
2793
14394
14927
26196
28800
20120
28001
12032
1135
28707
22287
29415
8369
25224
19289
4629
26625
20323
349
1308
28869
11848
1676
12458
18258
20957
11741
15079
21318
3887
2548
29650
7026
23510
19990
21720
17616
28826
20395
22148
18241
5344
8521
17315
7781
12359
17755
28003
25045
24633
3470
8785
514
20198
6419
13493
21914
4137
26032
673
10882
10225
12047
27862
10795
24340
14907
3188
6861
18009
1732
4087
5454
16116
540
17092
28866
14436
4856
21829
1897
12734
8612
2610
1190
2597
7439
22688
27591
29662
10068
25198
16444
29960
26536
7993
11614
11311
25730
8187
15591
10429
18431
9666
9937
17142
18465
9134
24374
26738
3200
13689
4238
12155
14016
18503
1222
9263
9843
4444
20372
5103
17304
6122
3944
3412
7904
23043
28386
5401
28646
3413
4391
10452
15527
22564
13018
24054
26507
22474
24153
14173
6811
23463
17357
28056
28207
17229
19444
26346
24695
18201
1354
25033
3599
5589
28685
17011
29649
14506
24104
8830
17038
4882
11493
8084
16057
21962
15227
25094
1070
13046
24589
29375
21460
12941
18888
11294
2846
3533
3151
5521
4050
19840
11470
16225
15727
13134
22243
23975
15203
8408
25187
2910
13043
28320
15061
16208
23937
5407
11977
11853
10789
10233
3957
15247
14837
17177
10989
1281
7056
26785
16358
10829
6341
5228
22739
26067
25292
22417
23200
9847
13255
28017
24307
22923
28319
13758
25531
19727
27048
9606
8857
1369
5905
16977
1028
1566
18716
6132
17537
7689
12971
25964
22647
24627
7490
17907
22660
25714
29047
24244
18339
849
10815
15812
3878
12501
1795
2903
9194
11906
18784
13890
14769
28775
23545
7207
10588
17966
27081
3500
17130
19409
2820
3795
10880
1524
3554
2271
28773
16906
14849
12761
13460
355
18673
27237
5144
1974
23009
29250
15651
8240
19863
5782
24292
3473
18351
1051
21887
27880
25506
28822
22826
27526
4837
9489
13525
3417
3429
19018
9671
29618
7463
20645
29921
23540
9846
6041
14721
1549
8280
8631
22005
6325
18698
492
26284
12010
1042
6824
23748
4551
8778
19813
609
14702
4235
17313
21765
20520
28099
15834
3659
28443
17151
23861
3612
20394
12710
15336
3733
9984
21161
25482
26810
24131
18491
940
3084
24495
8338
14221
29333
5991
22581
29814
21057
6145
22180
367
1950
22265
6243
5002
29457
2516
256
16528
3022
16617
15534
24222
2709
29565
11331
13590
11627
17320
22515
29424
10916
9916
9909
29419
21308
27307
3990
25980
8708
8227
15866
4170
15936
14590
18413
22486
6614
3041
17707
8755
6949
23767
2307
28438
16504
12827
19527
2257
21017
9428
21549
27780
16214
28400
19066
9649
24401
29882
28205
26274
7817
8310
24832
7507
6226
1127
28305
11069
9430
9078
1573
8157
28908
28157
29589
13344
17108
8698
15716
2550
27703
19111
13316
68
4362
24979
12426
15560
6037
21378
24702
5928
1802
17394
17190
7537
22406
29552
24162
15853
13624
22040
9305
18337
7767
27148
17877
26248
27540
5591
18896
4535
1192
12856
20946
29035
5197
15486
15090
6853
10496
22390
2023
4733
29881
7202
10698
23163
8154
6872
15989
12819
24690
19090
17025
26321
3428
17895
28399
26933
4117
22921
28500
26777
9732
9220
16729
13774
21273
6103
60
12405
842
19146
9618
15844
3676
18936
20013
22403
8342
1398
25711
26913
27327
23725
26242
23574
1679
9479
1861
26052
22681
28363
29793
3548
26456
7939
7468
19212
3942
29998
9320
6334
18199
25222
28721
28408
12383
21841
22587
20479
4751
18876
10937
15401
1532
25832
8557
7999
10223
5318
28797
24762
28368
17244
27442
27775
26156
10515
23081
22890
5836
18567
20449
11819
18069
24602
13075
4650
6242
12232
13026
24798
5473
489
24493
12085
21979
9329
24971
19892
1692
29295
18459
22815
7816
14146
8944
7951
20463
13342
7269
12300
13231
16386
16122
13508
9007
9237
12061
17944
20021
11384
122
9523
26690
11652
17534
19657
2273
2513
20921
26882
18458
13856
22239
2671
7113
12919
7132
5082
1146
23427
10132
26396
1376
22975
28201
18821
11284
8780
24466
11347
13928
29780
15235
25637
24640
23594
3845
17016
21022
9339
4685
28426
455
4957
29854
6389
19302
16102
24874
28263
18456
24002
9053
8501
12700
23673
25555
17330
26561
15217
19317
3973
6722
20816
29525
15045
4769
1849
23541
18638
28727
2219
9967
22691
1773
18007
23581
1670
11373
15166
26611
7203
19013
8192
7311
26559
711
20581
4269
21524
8003
28565
9955
9875
25856
9365
15986
22987
27946
12626
24352
1045
21011
23357
23396
4063
10331
29199
12625
12167
5267
9055
24370
14515
10104
23291
8034
28006
2362
21060
15666
18397
18391
15620
26066
28887
24315
29160
28254
25436
6658
16662
12316
23570
200
8382
29033
13673
12052
26497
22245
925
17994
6911
1341
15916
8625
9851
1697
9837
29831
21882
15799
26581
5083
9456
4621
25429
22299
21712
21422
7066
29841
8839
15693
29671
3502
21565
23499
16143
10583
5472
12438
522
14377
16727
3742
15374
2665
13777
23811
21564
25783
3207
28636
21216
1596
22003
20826
22889
25050
25762
21823
4359
19479
21046
11159
29053
21222
23487
25894
17948
20837
29687
19244
25813
23221
24865
7488
16060
8426
2265
29022
2156
1350
19233
3311
17719
25788
27578
13346
2855
4039
15397
21749
7658
1292
28562
20162
18066
22238
6545
15672
26470
13682
23639
17511
29605
2619
7848
21413
23606
13911
26415
566
14428
28952
22701
4592
25146
3415
6579
29945
2278
2680
23642
24483
6589
26163
5316
24199
15586
15451
27900
15121
4760
7174
14665
9291
3867
21051
1728
7806
29890
3439
14215
24254
22600
12881
14810
19149
11466
26291
831
7857
3442
17715
17114
6120
6387
17804
7926
17316
9904
24985
23405
26130
17232
10726
18594
2521
18062
9360
251
7446
495
18162
16463
7684
10213
12713
13589
732
7866
13667
27643
4556
9389
22
2712
22473
6904
17354
19117
28402
10907
29354
11996
3653
15037
11655
14538
1509
15380
27209
26350
8591
17956
28545
21209
14255
18057
14125
14467
20762
2522
10962
29208
12976
20517
18849
15535
19429
22369
19832
2575
19075
20818
7016
27741
18108
13055
1627
27139
22596
26011
19025
15945
4623
9116
10919
15664
10630
23275
28694
7580
11292
15632
25315
9621
8289
19335
9441
13091
10083
5470
1811
14312
22331
17963
5444
6450
11000
25707
244
20602
27608
11631
9261
25607
20922
18356
6228
23552
3458
4687
21470
12114
29398
25750
28759
28115
24203
18024
14699
12721
23184
28421
22860
25609
27462
21639
17212
9645
14438
7396
4586
1915
29031
29688
13677
15295
2159
5566
27086
6275
18573
29909
22672
29964
28642
24144
3003
22111
24430
16290
3873
25281
328
27186
22159
26508
8260
4903
21754
21796
1251
27018
5268
18582
10298
19859
1980
10317
14983
3065
3808
13327
20727
2657
22820
21279
17035
9528
16903
26963
3747
10272
8327
29812
20761
10584
20103
23242
5248
10242
18301
26119
9229
13992
17503
20805
13742
14542
9186
4830
15378
25846
10973
26688
19320
20687
2618
22746
26838
17951
954
17762
8555
16768
14664
1678
17083
5029
9062
2195
10446
21674
3906
5278
15427
1061
13829
18912
28358
5672
2729
22656
24906
22916
22275
19333
24073
8737
11174
12511
16591
14596
16129
22788
19219
21316
160
12765
18708
17972
4880
3434
16298
12014
2085
27651
15607
19457
866
29467
24637
28401
4046
640
11886
19432
24063
18740
18579
716
21184
8413
23464
7890
5860
23141
2103
26175
5241
28357
15004
26880
18238
19754
4301
9520
20055
8231
17257
22124
16973
3143
4668
9377
18450
27835
14620
24727
21758
23259
12645
22757
29276
17386
5611
20827
18696
4561
12400
8904
27311
25789
4093
7734
12636
26479
3312
14354
2015
14791
25754
22127
3138
11277
20268
3
3290
6399
29256
21761
17745
25110
5828
396
2656
3168
12683
26136
29107
16022
14527
14086
2638
26124
6559
17348
14475
293
2259
12886
22277
16636
4825
21499
16763
22319
14616
18583
19598
21265
14942
27662
2679
27243
24882
12803
26713
1201
26063
3752
217
7674
11575
9478
17830
7197
2053
28528
4772
16702
9882
21647
27137
28785
8036
24200
27244
18445
17115
11098
2144
21984
11061
19476
19548
10184
22101
18758
7805
5701
3690
13738
10615
24045
28948
26499
16181
23304
10641
1451
22577
3699
27560
18792
24515
18432
18384
29351
29885
22302
4696
10418
3232
11685
27485
24165
3843
10005
26684
29554
7977
4710
23034
7296
10700
21010
17434
7136
28355
16807
13595
22261
19974
5729
10996
25495
14950
2475
21663
516
1634
6606
26202
2728
12793
11180
1654
8917
2981
27106
25907
19468
22888
16784
25849
4683
5957
491
9345
14604
8827
6292
974
23333
6689
27361
8905
956
28615
18506
1226
23342
15163
23955
13446
8600
3890
27524
15488
3355
28040
21625
17599
5640
12949
2399
149
9274
18389
29502
24669
15599
25367
25345
15146
12989
18010
2071
10350
16112
16151
20204
7974
469
4782
10477
23708
2260
2250
21491
18151
13129
10634
15471
26896
302
22932
1983
5983
10685
18923
25416
21115
7578
16155
22023
24113
15379
12503
20965
4950
25139
23847
13896
9924
25802
26103
1027
12431
14770
20026
22749
15964
6096
5844
27962
16369
7389
17264
21481
27084
22055
20150
29637
9472
1776
27639
13329
14104
12612
3637
15040
19180
10596
11176
12294
13838
6921
10658
16798
27561
20527
8613
14883
26370
15909
10696
21876
25006
7571
11303
22929
21997
13799
3606
22009
1074
21168
29789
11851
20623
27856
24161
23726
11388
21789
16554
19898
16286
2204
5964
14386
8270
19100
14089
5301
12729
23353
24251
7190
20620
1765
25596
11658
4096
5850
16329
28510
26529
21967
20880
5674
22556
23222
27790
25591
21326
21515
8299
26651
15400
29073
11328
23400
20971
4594
14944
12589
18353
26866
17752
9299
2811
3537
2281
17518
12671
18203
17905
17646
2151
16766
4799
4194
27253
19991
22419
22167
9174
28713
5608
20958
21198
20842
8222
16260
2894
17215
16657
5040
2032
18869
10420
5869
3289
11398
12670
5792
26062
22485
4631
20991
9777
15423
5295
10258
22194
17823
21987
27872
25333
6330
4107
4851
22747
1320
7519
23563
22032
19915
19784
26589
154
19268
6462
4383
8914
25583
27710
26328
8866
15130
18455
10408
27892
14075
7896
18473
22853
6178
19270
3708
24788
13417
16519
7700
27633
1966
22133
28221
26290
18070
743
28479
16916
13423
12945
8628
22467
21576
13159
23326
8575
9966
5657
16296
28172
5693
29783
6463
17149
13321
5324
13150
17111
29837
29580
13050
7070
5109
24752
21866
29119
10831
16595
5296
2695
18975
26873
25337
25954
1331
12439
18168
22033
8201
4909
26094
9836
3586
13102
1345
21629
10603
8909
15743
16130
4740
9648
24878
17367
4872
19091
25229
24873
1801
14800
27207
26279
3660
23585
13904
3169
23565
13550
21428
11144
408
2775
5413
20511
3259
29576
27049
20370
10198
23803
27303
17288
4365
14465
652
9952
22772
4724
7960
8498
16366
24351
4172
15365
14793
24761
15640
6214
21398
16165
4933
16806
12121
978
16101
6446
26413
25064
4962
1073
29817
4603
23087
26139
25513
21976
20751
13537
5145
10029
20059
16118
29703
17805
7327
23398
7145
18354
1852
16651
14852
12301
24893
438
27683
24435
19138
3023
18870
25793
28757
24077
16154
12330
4460
15516
11246
15950
6141
7934
29918
17941
9449
17960
5354
9421
10256
11644
23885
3283
8356
14643
21803
20207
28010
11226
22522
14744
22542
29758
19447
9893
9903
21505
29131
11148
484
4898
24160
23226
21561
2346
4251
25765
41
8448
15306
12379
20058
571
15714
5366
4400
27881
23781
8366
25084
10530
20516
11237
27690
12500
15784
20568
3214
14658
20063
7811
5664
15470
10528
10839
24867
22536
12848
24683
6948
3995
20259
804
14818
1265
28409
27205
16785
22184
14753
9246
27066
4403
7514
17078
666
22455
2418
24275
4148
12888
12351
6246
18785
3611
28492
23774
3557
20355
17314
3991
2569
27282
17868
111
272
12445
13661
13039
12909
16835
10142
9864
3822
24519
27723
9256
28538
1530
24288
10218
3341
16646
6716
21419
15642
14309
18274
26994
24474
27350
4541
20376
23442
3098
20299
28370
9721
955
23173
7761
26794
18921
16255
3379
13647
16724
4421
22096
11067
16150
3626
3310
12486
3414
22877
4861
8682
21457
3393
26360
23340
28136
18487
23573
1184
21731
23679
23220
1920
27858
22174
5346
18762
20967
14091
7924
11310
13709
24835
20238
23429
5371
22376
12869
11085
29677
24079
20386
12476
21649
11938
26829
7000
9776
10303
6782
17051
18426
26884
13504
12540
9557
12090
13929
28971
25875
1271
22138
28891
24520
17775
7065
20125
22362
5715
13556
21871
20269
8801
8287
16432
20518
9398
4396
27369
26720
14370
28229
24951
26644
14710
24894
4665
10991
11755
9388
10974
8328
11094
21384
11463
2234
15167
19706
27343
11922
6438
4181
14719
11747
24527
10028
3917
2121
28144
7333
578
14429
16911
26571
24511
27934
15476
10617
4199
2162
26998
10307
15195
852
29725
12935
13996
2178
26985
2588
20483
15372
5919
20615
816
26443
20129
21923
16512
6748
24059
13530
2808
22669
15994
12691
11920
10502
22500
27357
9715
7631
15389
16198
29764
7558
5290
9735
12547
18599
24040
23808
18544
8615
8071
16199
8733
15435
671
27239
20763
17012
12985
26481
11377
21496
23366
27592
10339
756
16844
27354
14273
29406
8348
16063
4908
24107
27028
14330
6616
21926
26631
11705
5060
9249
2869
15342
22538
8211
14007
22883
17700
27618
21448
4420
27441
25552
26520
28832
16064
27262
16
6503
3374
25860
7518
7970
29956
10269
24932
20583
2933
8988
6285
16245
860
14901
12678
490
26099
15536
4573
25749
14029
27959
28418
6022
59
22052
23521
26012
6836
6475
15479
14225
22276
27610
15639
11836
18543
26593
8180
15141
5546
21065
26982
28434
27320
6922
335
9797
3190
29601
4553
23609
17491
13241
27655
20683
16254
20033
2473
4180
7950
17584
3538
20806
15735
27798
14804
6379
10235
5304
22845
29191
11453
22568
22468
24623
12872
16335
25060
15904
7947
24760
13780
27447
6095
19885
7319
13599
17166
25369
26526
21268
929
26409
350
5841
9959
2095
21150
25799
5234
11335
3804
12936
8974
11703
21236
18722
15373
1605
17763
20302
18686
1112
13997
26218
22436
10389
1269
4699
18730
12217
29646
8710
15177
25917
23416
276
29304
19547
19599
7263
13663
2653
3137
21146
17290
27521
17300
18895
451
18584
6767
22347
19052
9149
13115
18911
16756
4505
15683
6924
24516
10733
2229
14473
11287
14094
25695
1316
12638
22878
25567
3679
3362
12565
4468
3391
7563
7704
16244
26883
5848
20794
29511
17485
9553
9801
20008
27063
17853
23651
23050
1334
6308
6206
9930
22911
3960
22839
19038
5487
5291
27480
11304
26757
966
24249
645
5244
18275
2299
17408
5345
10075
24369
8403
4060
26783
14059
21932
7470
3377
14460
11247
11233
26928
21738
16513
16588
28885
11052
13707
19966
19498
20440
23212
17387
12464
17415
14543
19019
18572
16859
14031
6505
17058
25715
712
27318
7550
26106
15304
7196
6483
10897
3507
16213
12404
4863
14745
24229
12309
351
10475
12764
26005
2453
23798
6879
25338
4201
9532
24147
508
13874
6947
12860
19942
9593
24068
1450
15155
7057
22964
28733
12864
24469
24917
29173
20139
19187
4309
24403
7322
27821
24402
15997
23037
26539
23705
2319
29392
8605
26054
29225
26220
2044
15533
19058
9471
23237
24945
11953
22313
4049
783
24517
2480
15829
1683
23524
8139
4689
3266
26398
10038
14282
3513
15886
25534
22912
3321
9475
15723
11613
25434
14717
11254
13009
19280
21858
24462
18980
15224
29626
24226
8824
29405
26748
20300
614
15382
28994
22705
14956
668
24184
9230
4167
5035
26549
27955
23202
24111
15083
18605
6941
27375
24093
24676
28930
183
28247
18017
11434
4347
4562
15918
255
3903
23835
27602
25483
19081
24577
1208
2945
9614
5607
24197
12963
10809
29779
24338
25285
6080
11984
22928
5940
29084
3834
25346
11940
20836
11583
15684
700
26692
15883
13888
17779
25703
10345
20194
16416
25862
9695
28413
23549
23335
5442
25149
3017
25469
786
0
16881
10270
14992
8945
6915
22856
1882
18811
26527
13326
5754
18641
4277
5494
12768
26742
4649
20979
26686
23893
18830
17392
6449
16817
22122
9267
16961
9983
29474
5569
9097
6150
6176
23623
16442
19711
23174
1110
18844
19922
176
11315
21802
27928
6778
4686
15713
15245
12060
5897
7696
5165
25858
4366
14949
14055
22813
20634
3457
3185
3294
7529
5058
2594
15783
2625
15292
11603
21912
22155
6913
6357
6577
6650
3756
15009
19838
11708
4234
23500
14821
12517
19503
12956
747
2039
16176
22645
19069
29720
13036
1393
3156
295
21205
3475
12862
26414
21536
7814
28544
20450
18364
18711
24042
17419
11272
1106
22144
18334
7273
14730
5884
4488
8144
2843
99
9940
23957
15525
15543
3770
19563
6277
6117
19288
13262
17882
6342
27949
11957
18278
24396
11505
3615
21276
16537
9656
27826
2500
9065
5440
23039
3591
15110
10947
14541
10330
1642
4425
2395
2535
13594
9455
1235
18840
4402
16328
17548
17289
14803
13845
14341
22927
53
3118
2614
9691
13808
2256
29625
18419
2722
5930
26509
3387
23588
22049
2753
4078
19172
1622
3506
19980
28577
2777
28592
691
10933
3020
21568
19060
23244
25445
13963
20427
9782
2358
8646
9270
13937
8722
11710
17753
6771
7531
5839
2875
1583
24805
22949
18613
15407
29486
19243
4379
29058
25001
13425
9264
21588
22529
22094
7435
1872
9948
7353
21476
13541
11934
22176
27595
29681
18709
8540
5326
16222
12307
13796
23991
23503
24899
24399
25137
2252
10951
3572
27173
17389
23587
422
6269
7742
14602
29083
26955
26071
21816
22727
1442
13542
7310
29132
17049
21370
3693
27538
16946
13807
10867
20589
11830
12469
10514
13154
22172
10861
6893
6677
8440
14491
3669
10430
14780
4661
4116
9146
20353
22219
22694
11368
20215
7997
13077
20239
16133
11079
11808
18678
21181
7877
22608
29685
14920
4021
3075
19641
29852
19323
1465
4312
2180
22861
26557
4029
11188
9578
17898
23797
17234
12801
23667
1018
23763
27593
6790
12893
21192
19752
4916
185
18635
24277
11131
24196
26712
15377
19969
23082
10249
11651
2337
5705
23182
14482
20680
14554
15070
18612
25153
7390
23439
13843
24163
3651
24001
5274
13001
16440
23836
12972
27918
13299
3305
19946
14326
15738
18939
4204
19637
19296
16909
21488
10086
4150
18439
16493
15659
17207
26397
18914
18106
23474
8813
15008
12161
5076
8293
12222
895
14687
15922
11404
29534
12238
9049
16285
18239
27783
12820
20667
26918
2590
12955
8713
9316
9083
4261
24631
17788
13225
8582
15823
23794
1054
14321
16273
28945
18135
14101
22872
10945
6699
26110
21415
5463
24349
28882
6583
27995
17272
13894
9784
18538
19501
29505
25449
18668
11546
13118
6211
24421
28468
10146
4231
19009
3927
23100
9375
25003
25195
15013
1159
28060
10966
24736
20486
21636
9543
4343
10053
29537
8500
8990
914
22135
16343
2331
5089
12800
3703
5335
6558
16119
1982
16006
19697
19024
5895
6788
8372
26685
12045
13564
66
21495
13981
1383
12807
9759
3828
18681
3359
15039
14118
9610
12273
6213
18804
27820
17625
21069
12216
1913
7723
19360
19385
23869
5010
9112
2621
4910
1582
12499
2396
10010
10426
25148
28816
23255
9327
21261
15899
11529
25250
1434
14470
13369
15622
23113
28470
11439
13083
15987
1646
20267
9938
10673
27923
9008
5678
22432
21203
10474
19568
15558
28012
25305
25504
25095
26474
7562
10343
14439
22620
777
19390
10610
11172
336
6725
16503
29568
2556
2133
8877
27008
10321
9047
26900
12701
20429
27179
29981
11062
24146
5594
6959
7476
6995
885
26590
28767
371
1277
18632
27456
29836
22966
20274
6486
1823
12325
22058
2486
20254
10844
25939
21651
21740
11164
15803
8359
14363
11169
7664
20028
12286
6116
20569
16898
9096
4369
18687
9521
14187
25412
17888
20713
24011
11198
28277
17973
1845
26405
21807
15016
19602
28071
24839
29357
14252
14840
19312
23634
7751
19561
24693
15252
23239
12524
24530
26114
23283
19570
5369
1299
3581
12218
9315
8915
4000
15240
23377
4593
12781
20653
6944
10654
850
22342
23979
11650
12394
13936
25426
5343
17881
14176
975
22513
11322
10959
25101
6411
7854
25475
1153
20201
12327
19543
28801
2172
11248
29587
26494
24799
29328
7975
1744
20644
3632
6532
12495
19628
28937
16152
17457
7743
4627
27258
16390
10291
16720
2826
7624
9225
10301
20311
1650
25663
2191
18662
243
5932
23481
20470
23389
8128
16543
26444
28944
619
16812
5653
26905
17376
27873
1266
10725
15448
20663
15983
17093
16566
22400
18546
19404
16300
24487
21420
20490
25537
18949
27401
12958
13884
19336
18601
14163
19564
27306
13545
25244
26961
2763
25674
13013
14095
27024
27251
27636
27467
4717
832
13130
24448
6431
3009
4276
8512
26740
6865
10652
9420
7740
8060
14143
10564
26595
471
13736
21339
27093
1436
24549
22637
28072
3097
22463
2845
16871
4139
10577
1414
12323
25056
21918
13104
5852
28323
8768
24670
16349
23701
28495
27285
13279
24652
28943
10865
19408
23812
20252
25030
144
27126
1313
10643
27727
18005
18999
4113
2994
644
584
26109
28100
25302
28288
24117
21399
10817
27669
26288
29947
1558
29192
23582
12198
15044
22741
16836
23733
602
28848
10707
5625
17885
23449
13435
16124
24965
15818
14902
1348
17496
1125
29510
19247
25473
16032
184
24614
18738
17619
3779
20278
28069
1413
2900
12107
7308
11002
16319
29501
19887
14431
16668
1535
13056
770
9785
1464
2027
20823
2971
26702
28652
1747
17044
14731
9800
23475
28603
11960
15877
23921
3018
20451
25393
15851
6659
14857
27677
12580
18378
21504
10374
25769
11905
28904
28225
26203
14012
9066
7607
25812
22751
5811
12177
18072
26840
4452
17554
5550
25691
15006
11264
19539
29514
18022
4576
25352
15226
23843
8837
2098
20469
26897
27628
26336
307
923
2097
19611
5587
17022
2911
8826
793
28514
19971
7523
19354
20284
23947
5549
22228
9613
4221
8467
5926
19858
18557
20732
19324
3610
8059
25916
11152
29455
4160
24050
29388
22560
7793
1467
26792
24276
17640
7642
4348
25938
28377
26649
11327
25289
9579
15054
6338
6715
16688
26320
4800
18349
13429
27254
13687
7737
23994
8840
10551
5140
27568
4051
15058
21721
6712
24868
14778
4184
5572
11239
10163
17147
449
16024
5864
10433
17174
4759
23662
16970
17008
17551
5525
25278
10318
4287
10793
21141
4102
11915
16628
17170
7788
6352
13319
22398
26478
24871
11916
5737
26467
21995
10981
26591
24609
29551
2586
11959
13304
12615
3327
6766
15570
9562
13810
859
22289
639
26236
10899
23692
3170
14084
27929
13383
4820
27530
22120
2181
18998
3935
8076
5128
16580
18818
1327
26582
23430
18700
8935
8431
22866
14217
14208
23860
13629
18415
17479
14286
12600
18596
19786
4744
24143
28404
28154
5730
13248
6826
29171
17971
3776
17219
12726
14675
20830
9180
18707
12120
14573
27365
26123
4286
17417
24386
15302
18401
7103
21941
4719
18607
19346
15798
19492
10841
14184
21478
20996
28504
8191
3891
15814
16699
27515
18390
15712
26226
6619
25454
18928
27558
18847
26569
9095
4104
15100
16113
11296
28960
7431
12271
27157
28877
24429
12392
14426
360
29095
26727
14360
6859
1681
12425
26776
29008
2120
20387
11963
3223
26676
19411
25800
5261
4543
23048
19299
19422
11187
17176
16293
26744
2163
4879
21186
29557
17965
7707
8037
18732
8016
29593
22269
18472
4415
7413
12430
29818
14767
5939
25401
8241
27919
15310
11382
9577
6207
29190
20700
7663
10479
13816
10334
7830
16762
11899
235
1129
9531
8316
14704
26451
6009
4
5552
5777
29929
6547
258
14052
25712
6795
22626
23329
23289
2833
20800
21897
19433
905
12885
12724
17897
11707
15395
7895
2138
9669
6287
16471
3738
11240
13324
24739
14897
24992
20223
6328
20710
11370
23786
16168
14284
29145
23522
29729
227
18365
659
10252
1030
11572
18250
16026
14373
18509
4294
18812
9591
20811
22781
9232
13735
2005
22329
8509
18559
26839
6828
4484
24137
26187
1396
9683
6509
25013
11221
24721
27225
2206
26424
24051
29523
27493
28411
24274
16426
2601
8723
85
28715
1608
25934
22178
29410
23712
24472
6596
29399
8529
15416
22020
5086
13119
142
19773
21990
6821
3925
26545
7358
4055
15459
755
18846
5257
26981
21098
8232
27190
23618
12083
11145
14433
20933
19351
12211
9585
19356
10763
23303
5512
19900
533
5834
1236
2905
8610
11283
18425
11680
2996
15705
1534
15103
22492
5209
14932
12646
22516
28925
29871
8711
944
25883
16944
28415
20759
4496
10787
23494
10404
3996
21784
7260
25550
9022
20246
7081
23663
15682
25993
17335
9132
26901
20405
1854
3263
6100
16148
4500
22915
11861
5456
23930
12652
13355
12974
16409
28187
27159
9625
19473
2974
23601
10822
10079
5981
16072
26359
17844
15220
23518
25935
4418
18570
3070
14708
21254
4599
22222
15477
24094
24672
11445
273
7472
20994
10777
7973
19940
4647
10421
16387
13510
10890
13016
27170
28716
10386
257
2127
18028
29732
26189
10360
27455
5854
25356
11854
14746
5378
19463
11181
19397
13188
10711
1717
16908
26170
23838
16334
7920
8176
9487
27577
17428
16838
24464
17252
7173
12849
3720
4478
9376
3976
3842
11196
20940
1117
7242
29989
27933
7240
24647
15658
22337
3774
4604
6951
29678
17424
28152
13382
23546
8353
22383
11259
29312
3376
5100
10950
26909
983
11891
13098
8061
10406
13858
7294
1806
20089
13291
29313
18765
17223
16259
470
10401
19616
7750
24287
11299
23535
19864
23644
14779
5815
20576
8651
27330
15258
9535
28698
16521
18335
26584
3691
6561
18319
416
29267
19003
2752
28734
5736
7430
5692
12142
11113
1288
11524
16714
13314
25540
10964
21729
17939
17901
27187
4503
348
25243
27942
19157
5753
10391
562
25258
14970
9151
167
24242
25044
11929
6637
25936
3940
26417
12719
8007
14856
27472
22721
19592
27438
19999
29064
7597
12750
2096
29472
19123
28025
3965
22547
20571
12488
24601
24507
18510
4363
26691
4315
15926
26255
24533
6433
12743
22706
25658
1507
5387
14391
6936
23746
18781
6544
27450
27266
2079
22171
28901
18692
1995
14991
29303
23501
29747
2247
27583
5778
23117
15582
13844
21039
7285
697
21920
11556
9093
27861
11231
825
21126
14521
5597
20342
22429
15850
23197
18215
21503
14925
22850
23615
22671
6190
28360
14583
11256
203
2715
6585
29636
4852
11503
15692
15914
16753
28103
13215
13395
1793
26435
29548
714
21473
22873
7151
12617
14618
6309
2190
22338
15841
11531
12769
16423
9773
18855
19493
20434
22422
11897
2170
26800
19766
8143
18574
8140
2571
25317
27964
29691
7195
27996
28644
12688
25000
27661
1771
25347
7602
28724
8193
5363
9999
24390
11565
15939
5309
25818
15894
15210
13746
1134
8697
25431
5793
23906
21408
18228
29343
9826
29575
16248
21064
13835
2188
16094
17362
8407
12610
5969
27185
11908
27907
21015
10722
17421
21660
22708
29698
9525
1570
25488
27914
22957
25170
10215
29750
29555
165
155
5068
2059
8179
15189
25047
13636
16342
9639
27135
3736
14617
22978
9127
6746
27502
25027
4220
21462
752
27696
17674
11155
6185
10380
17248
21500
17228
17773
16643
29495
15970
11775
28163
19572
2
26837
14352
28112
27627
9681
22414
16803
24007
19043
18996
6196
6884
3161
17240
1476
545
12543
4768
22807
6074
27795
10123
16598
16462
20062
674
5724
20244
24522
26133
6466
8552
2290
15360
18990
1075
26802
16614
7304
26921
3244
27023
27052
14318
8518
28435
1538
1592
5636
21290
7
12025
21138
681
17659
1356
18452
27382
9426
9576
22234
22490
12293
2231
10326
12466
19569
23428
20993
21759
20745
27629
10779
21872
26554
13676
22259
12454
995
17969
18831
28637
26166
11446
20578
11319
16641
15998
610
3764
26313
9619
17595
22179
18003
28788
858
6982
23783
17211
29567
7266
3194
27617
69
3961
16934
10034
14570
15868
12331
21047
21224
9091
2069
795
5986
17717
4099
410
9627
2563
9971
11889
26033
26489
7200
22478
22999
21442
10556
22763
9215
7251
25156
22980
2128
9282
6332
28008
24806
26782
3865
11456
29332
18795
1102
9706
9023
10885
20626
20126
17632
12256
20432
16790
27372
12071
24112
5314
8652
10568
10930
2518
12094
590
27288
17066
1510
22950
24508
21596
7231
3149
22996
11781
8410
24595
13348
26746
13851
7299
16905
15219
9920
25059
5428
13181
17468
25116
8304
8913
18407
23792
11975
4325
19216
5699
24556
2547
6155
10647
13575
18621
12846
18672
18379
19525
13235
7188
19549
26851
28176
11643
21696
28133
18385
19062
1629
20651
10524
13409
10505
11904
16719
18276
25697
12546
3734
7027
24006
1041
20154
19086
11199
6272
16294
17216
2527
21635
10227
25770
11224
6231
11025
22355
17954
19177
22579
15153
15647
28596
14432
20883
7799
16476
23974
12790
7823
28412
9506
13029
17759
26254
11571
10072
2424
22520
8379
10720
740
21335
5600
1048
11654
5907
9642
24283
5669
14577
14357
12326
650
29488
24156
1046
7086
7570
29770
7603
21750
10464
13947
22401
1579
29531
17510
26614
18279
21052
26259
25797
18603
20245
27336
7255
2349
8746
4695
4210
13406
24065
16380
2526
24913
17286
6377
9664
25928
7722
6300
26923
13840
4848
22943
6488
8573
4436
20428
22047
11924
10911
10437
10031
20087
17019
2647
17280
14774
8602
21352
22958
17776
13655
13886
6105
15335
25886
25640
16904
20344
12136
16773
3231
20764
16939
26253
12817
28121
6498
22614
21952
21058
14984
543
4232
262
2025
24829
11838
23455
29016
16888
15742
24413
11895
20345
14127
14384
10168
28535
1239
17601
17964
18029
1173
23077
29425
25514
22947
22876
15973
1505
15003
18109
28558
23919
9280
15832
28780
14366
24091
19566
19753
9634
17986
1798
1611
8362
12592
11888
19400
1132
29737
12555
20820
8005
7038
494
8350
5239
6718
4132
1430
10644
16681
21949
20135
435
20892
20347
8835
29465
1992
6800
13868
17237
1422
26349
26422
12250
15159
27701
22941
29164
442
6029
5116
15046
1258
1402
15676
28934
1739
6812
19049
14004
13754
12760
21228
16194
4302
17992
15778
10909
3681
7762
14266
25280
12459
27547
28127
18592
29021
21507
2995
4003
1724
21922
27483
13263
17383
25679
1575
27500
3684
8105
22523
15991
2042
17210
6240
24202
24150
18729
11140
28483
14136
23196
1846
21434
26463
20628
4655
24057
7228
6474
9346
22767
24912
8821
23403
10014
10200
6069
763
22801
11877
4859
123
17235
24305
14290
1047
16808
12214
11314
11772
14568
26551
20392
23839
29865
28825
2920
15431
1714
21421
8720
19789
21482
7647
17718
10240
8639
26524
2577
9105
23678
16679
18910
7120
27770
22604
7210
23276
16596
3735
25038
25442
20908
3410
12109
1746
12525
5615
3809
26362
15173
11366
27769
9898
16226
26578
7702
29408
22661
6994
22201
17034
18145
7839
2566
22107
15840
2966
2724
15125
9425
19536
20404
27121
25628
29103
20446
4197
16227
23902
28795
7903
23814
20873
25983
8666
6591
2703
11117
23145
2215
15773
23599
18137
3424
3287
23674
8392
10058
1928
8252
24477
10997
28876
29052
21193
6623
15880
11161
10084
4823
29693
6186
15974
8852
25532
23042
6002
6950
16435
22415
22039
26968
4456
14279
28449
24793
27951
10507
11454
26342
7371
16553
1211
18852
21401
7135
12016
2236
21320
2997
4008
25223
71
21678
4911
29954
12659
23035
6417
20807
19763
18288
11419
23992
25855
19685
15057
6249
12508
25087
21002
6969
9205
18406
18097
4738
6742
29418
14179
26230
25490
29519
25385
25586
27411
3313
2643
24870
15531
23556
24908
20592
28607
24468
8203
21961
28284
26140
2082
24214
21333
24886
24191
15188
16933
25282
7530
12898
6567
6136
9873
18192
3469
1328
13789
7186
1522
14951
11521
1120
25960
2304
24605
25382
22690
22364
537
28662
29461
4746
5084
23936
8271
16514
19378
16247
17687
22118
14811
3763
27451
26129
4262
21477
18255
12073
21059
6349
5319
18141
9820
1389
7812
472
25194
10783
8452
16109
29645
7657
3273
26384
13536
29588
389
15390
4259
3033
2549
14777
9115
21683
10590
29050
16182
29875
13121
15107
19615
7438
22037
19008
11351
3063
21215
4675
3218
20766
15108
17031
21742
20598
153
10968
11267
27017
15020
3760
5045
23776
4992
27675
2796
20045
2014
27731
25776
2171
2813
2089
23691
15919
8321
15318
13549
20540
15701
23904
19196
12269
11395
9157
20480
28347
7691
28391
25745
15324
11340
10385
4773
15816
9380
15250
6819
9130
25182
26459
2472
12219
7688
28920
11881
4124
15414
9860
1314
29893
28458
17667
8962
16299
2255
26377
14873
1115
25755
24741
24332
417
25420
28586
13278
2075
22278
25061
22081
7621
18643
9104
27291
10836
18602
14223
2122
754
20822
4502
8253
12069
7505
13219
19819
21508
23462
4893
8897
28252
29804
249
5735
6416
4902
26112
20307
20911
1057
16576
21371
1010
26354
5030
26404
15254
26452
23308
11551
13459
17653
1666
25301
19110
15465
24125
14351
26200
21201
28732
14021
687
27786
19631
16799
2963
20852
11229
8465
15428
17171
20227
12174
29874
2593
28553
20854
25867
1016
11892
27758
15946
10969
3850
15503
25892
8812
690
29414
17744
21172
21001
19876
29653
16660
5183
12291
26862
27435
1007
27476
1606
21610
14488
23108
20211
29631
4653
21340
23266
29846
12329
19334
1109
4313
1275
15858
4849
29013
28833
9300
12595
19743
5985
16560
13385
27973
7219
7193
17884
7536
16200
17458
24732
1519
24066
20860
8800
853
29482
487
10197
13229
19224
24497
11720
1563
16619
3124
1206
4303
13259
4633
17267
21438
28576
17462
17064
28647
21825
2582
6822
5568
5855
13370
13230
2197
12089
13932
26188
202
4952
1283
18435
19391
27058
29670
1512
24534
14599
22437
23894
28532
17239
12477
26904
14635
18080
7547
5046
1217
25958
18388
1599
29285
13028
25633
22491
10601
388
11484
20709
15068
2887
14259
24783
18331
8083
25549
10093
9129
28327
23272
10022
3229
29821
4115
3257
9110
7995
13124
27642
1364
12093
4832
10299
5722
26180
4615
19061
15409
3603
28988
25341
141
27792
2973
15722
4480
22997
26518
23198
25260
2512
1590
15702
1460
29594
26787
17641
7278
27975
27134
9495
4401
26568
12789
3054
27692
24139
26637
5629
28262
1044
18063
3440
21020
27777
22835
6056
25126
15288
10025
28635
4273
24942
22266
2464
27026
326
10459
13747
4671
10755
10243
11018
14686
22215
1215
26329
28007
5232
15424
9203
14072
6655
22559
23997
18071
12297
11619
23150
1797
10538
8075
11342
29219
9445
6751
4130
25699
24889
18604
3555
24501
9522
6362
18244
13516
29335
24505
8798
16106
1623
6137
9238
13480
13364
4205
1284
14369
13674
25626
4368
19416
14930
26610
6517
17669
1395
21403
27816
29901
20460
20918
22973
19719
846
18737
28997
18959
16755
3582
22384
24825
11842
16752
27069
19089
18863
2463
437
3978
12111
1716
19202
24478
7137
11424
7400
16800
1388
13301
15813
28864
19465
8834
20203
10282
18577
16868
15690
26540
19674
5150
12470
14959
3833
2710
29816
21581
9620
21081
16353
16091
3271
17607
622
13058
1108
11058
246
8836
19872
1615
11595
24405
26379
10522
26766
15636
11815
8402
6634
3047
17483
1501
11945
25833
7158
20624
3545
10369
11111
378
13192
11516
9969
18282
2413
16237
15920
8022
3116
12344
24383
29248
11474
10001
7639
5952
4175
28494
20330
9881
28880
3186
12037
4953
16142
14836
4554
26694
11665
11823
18362
5770
20844
16039
27876
18550
6758
14310
4247
1338
18006
6279
27261
27893
4560
24013
13907
4867
16316
10718
22197
17528
7610
23214
21234
19386
18654
8663
6566
15264
14917
28630
18749
1910
10112
28325
910
9897
22654
17668
19523
25775
23103
1500
20532
11119
2035
27229
28517
16086
11092
23862
2764
12541
26410
29366
5804
13686
22796
14458
19951
10791
892
26190
16487
14158
23645
11097
2309
15627
17439
6123
16842
166
29621
19475
11612
25219
28622
5573
19930
9595
14905
10821
28348
882
15493
29533
29908
11182
16731
9987
11381
11023
26159
2784
12265
23528
17912
25535
3823
25519
24262
3600
27133
29899
22075
25019
20229
13116
2545
11477
22008
15972
23060
6621
4983
28302
7526
13100
25659
10324
21312
19535
5394
8848
271
19762
25771
9068
21197
28949
27823
22089
27246
1925
10236
3724
555
13201
13972
8368
11789
17381
18575
2839
2849
24241
9887
3954
10066
24794
19526
830
10379
22021
25242
12481
11774
1080
11528
25468
25781
24327
25234
4757
25568
6199
14463
13367
2992
21353
21717
24986
18691
24785
14096
25639
14469
9516
11134
12550
12019
14353
22371
7451
13488
10323
18373
9340
5752
27295
26073
29135
16373
10460
3695
25924
26512
19226
3471
12305
19629
25515
5439
5959
18616
26844
1860
14212
15532
16941
25824
17448
7051
11326
2573
11999
26816
12258
27778
29550
22024
29151
24198
6943
21280
5148
11590
11843
21571
12224
18085
25957
25232
4555
20020
20185
19687
539
3616
22524
9705
25215
24083
21490
23023
18064
12182
8046
20779
28881
2649
18590
16529
21270
13419
22260
2554
22572
23793
28457
24853
6607
15752
14311
13802
15176
16193
23670
24587
23406
21933
10686
25413
7317
4489
11433
8468
12180
16121
16391
382
26146
21208
28107
8752
6830
1049
16075
4813
2822
25176
6862
29757
3197
11778
4458
20962
21793
7686
11544
23757
9533
15174
4236
27634
13698
23562
6931
21031
3016
25814
23199
20253
14046
18232
21672
22281
20042
14751
29449
13610
26297
17791
912
15769
1726
27582
19587
26249
20316
1111
27268
20304
1454
11101
16889
27813
10690
2862
20534
18329
9307
12004
27217
28523
17121
17107
19852
27342
22262
23995
6344
1253
3155
17047
4526
8078
28658
5034
10006
26088
10304
26790
22044
26960
8950
26147
5479
18789
9850
19337
6336
14670
2962
5992
4810
13727
14180
18908
1023
19901
28150
13815
29798
21774
14244
7964
1264
21927
28220
4270
16404
11278
23170
27938
16742
20327
1220
29556
20689
7475
27981
29086
7978
5062
3262
17838
24465
3986
21369
11034
341
26971
16183
15387
23328
12641
27779
18157
3421
1626
14915
7456
2074
8754
5492
19230
17724
1359
15218
16055
11093
18383
16325
1761
9762
28606
8958
11220
19805
24819
16867
19229
7769
12159
2698
10509
22214
4031
11744
21231
3818
29127
28778
17829
17833
8172
15101
28043
29380
28620
25329
27837
12319
9413
20986
9245
5719
6043
3002
1785
19275
12777
14274
19319
3979
10311
1641
8478
17349
25443
25438
17431
16801
5026
723
18842
23424
24085
14202
7818
9325
5544
16772
26366
856
14141
139
28105
15890
24846
26875
19747
11249
19471
5717
11759
8507
3706
8129
15290
19033
26374
585
25123
28015
27356
12791
13422
15566
13388
25772
21630
8960
15478
19857
15106
10710
26178
21048
280
19417
7555
8680
26634
21056
27279
1734
7524
2591
5013
21616
919
5922
5563
22573
14544
27045
18154
14993
15802
25825
3487
15398
2466
27665
14459
5909
13948
23257
14138
24723
18935
21127
15897
22450
21143
5528
15127
25927
8786
17282
29663
11308
27181
5088
1871
21874
9973
206
26951
5279
22642
24337
22534
19847
26416
2336
629
24354
29600
17277
11143
24243
20738
12890
17922
5513
1585
21905
7114
10283
6520
19542
8542
6528
6521
4009
6239
17224
15067
19500
22382
5728
19035
8028
28445
22475
26588
13756
873
20231
16149
26234
23903
6158
13732
3697
19822
7256
1335
17251
29386
19087
8620
418
16253
10137
2344
26411
22412
11422
29823
24735
11785
24703
4990
24594
8601
23126
6403
26017
12676
1768
28061
17927
6682
934
27842
19265
12923
14411
753
2315
28171
9572
17713
5001
21104
28632
3575
15700
5904
24397
17864
26806
14666
27459
18501
23802
27927
18636
5534
28511
8344
8159
3765
29183
2940
15505
16211
23688
4959
2925
9599
25997
18513
25600
1
6297
1881
19678
13683
3601
10381
21935
18565
7279
4727
14757
3772
17206
815
14142
791
19057
16280
27545
11178
1150
19903
4776
18077
8893
18424
17110
7149
27828
11925
2354
3315
22625
289
7739
8017
8057
9633
19355
17670
8932
6402
26805
11064
10875
24289
22149
893
18477
9448
23526
5302
19298
13741
15523
10140
19297
29888
1788
9925
10986
27202
22598
27897
4857
14727
2077
12041
8859
17962
373
24682
14914
26583
18837
16240
22427
10057
12497
20056
9386
28610
12922
27387
970
15954
28466
22633
23422
5696
26068
1686
23527
21329
17722
285
27978
4980
2536
27112
26252
22938
2602
4630
18969
14487
23314
25233
3031
26938
12832
904
23517
4715
6923
22216
25002
24688
28847
16232
11397
27776
8649
11901
6665
27360
15927
19917
23305
22088
20467
802
334
7467
3617
20523
19554
18640
8776
7651
16632
13720
4395
12498
4514
19713
8446
13973
24186
8393
29647
18864
25768
26975
16985
1799
10620
27270
8659
15496
26441
28403
14973
15606
22253
29509
21217
7033
11847
24689
24807
9609
17770
23773
29036
24901
23575
2640
8668
25708
11728
19210
11349
25724
29447
21199
16177
20630
12122
16829
2200
8185
9069
16040
21458
18656
23940
12204
29553
1011
6039
20341
6575
18393
15480
24047
17945
18724
23656
16545
6005
29311
14162
14099
7192
5164
8255
18942
20114
9040
2785
22399
29063
10351
9752
14503
22769
2803
21944
14938
17983
18541
17914
13614
21097
26817
2328
6964
27504
6284
23102
24552
16791
16993
15704
27005
11341
29980
26061
8927
16630
2375
12830
12000
3102
11918
23431
20758
15158
3163
24300
25840
14484
19406
114
22195
15737
17987
20169
25946
6025
21982
3798
20975
23371
17676
11597
3569
13512
22109
5893
9082
14843
20857
21407
17906
18892
29849
8470
3174
18136
17561
2816
29157
20472
16267
29308
13167
26492
25259
13990
13252
25500
3307
23530
26801
22700
13987
21547
1219
22062
15289
24181
21865
28861
20718
2226
152
24872
6896
27839
7447
21662
25539
7500
10642
4038
10655
18776
1481
4333
7286
6034
13944
26382
14891
24205
13311
20789
6660
5601
14996
6897
19771
6167
16602
4070
26620
4812
27656
7180
23604
20744
868
16051
26618
667
17023
23768
29577
7673
5402
23385
2137
16486
4125
18174
18480
4336
28337
27434
21799
12492
25102
8951
992
278
18031
7772
10838
11923
17395
13573
7092
25355
9600
17015
25778
13450
20580
5887
453
12836
21122
12005
6714
17420
2645
27220
21349
12033
20423
19427
12993
11475
21218
25097
23626
12181
2152
22350
20250
5399
14838
22530
8535
21436
7533
17645
3425
2977
28237
18143
11374
3704
7764
25377
4624
21544
3479
8150
2034
25009
11047
4579
25624
27563
7712
25625
16287
25208
27158
19729
11911
10230
1752
26809
12918
17553
16301
1078
24740
534
13038
24411
29029
25780
29694
18159
9477
2607
10201
22309
25536
10349
10445
5050
3340
29692
19094
28239
23966
29115
10691
18816
6825
29762
25963
11346
21669
24958
4300
9805
22164
6090
1981
28595
10165
23334
26496
16061
13458
13487
25922
23788
22720
21025
26664
15765
24192
9034
9484
12098
13905
29635
24628
4019
17903
8734
10770
3261
29210
580
13643
28361
16887
18652
15066
4575
3493
8416
403
16410
26165
18414
11207
7860
23914
2954
26587
4079
8595
18822
16635
25288
27355
340
12314
693
22325
13705
29572
7612
25331
2909
28786
26083
17787
26788
24860
20959
22224
4211
14815
21877
9493
14706
9638
28617
13189
9397
9331
6381
28203
11856
21304
2114
20279
16882
5443
10485
5340
26759
2028
4384
7247
18467
29104
2064
20332
21699
9697
17396
21387
13910
750
13730
20098
4758
19085
23418
13847
24240
8474
8900
9769
9908
26319
29140
13375
25366
13447
11309
27073
23536
17712
8594
4729
5531
15729
25870
22539
1559
701
14668
20228
25081
18462
25041
27559
27419
2353
15590
7165
29660
19968
3860
13412
878
18102
18854
13436
17809
4499
23311
12763
13300
11330
16544
4350
4697
8930
5174
19282
6741
16202
14189
4676
26845
8759
17536
14468
21957
3042
14593
29578
23758
27290
819
5242
7579
12313
25161
19251
937
138
6017
18825
22225
14685
14625
2543
23256
24482
13544
3241
24724
12783
17706
12996
12283
8556
70
18919
26343
8716
26153
9349
23016
26825
1932
19748
17644
7859
20199
7929
14834
29641
24621
11084
19613
9298
20118
10576
12644
2305
7618
21837
18720
1674
26681
23560
18075
20649
23364
190
12135
29403
8035
25478
17570
10602
3677
15321
11887
22404
28340
20075
28227
10416
25826
25343
9630
20563
21966
22998
12358
2308
26609
16695
22942
15094
18955
5847
21226
22004
14887
15391
2129
27950
5712
275
10926
24455
27014
13639
3636
18929
20748
4192
6627
2659
4431
12666
1147
3773
6757
18233
20367
21827
16892
18780
10518
4917
27896
19850
27132
16589
18139
14582
3675
13286
7716
12590
28054
29861
21418
2831
242
16415
15757
16884
21204
22308
19709
29451
5404
13615
21907
29261
20549
5858
1085
12623
5978
10826
2377
6618
28267
2132
23597
3702
3728
2340
13175
5670
4397
22191
5452
6327
17054
26615
20011
10467
11821
7440
18123
16467
20222
26784
8251
14264
25632
15631
22321
838
18757
8966
13006
3292
20383
20477
4932
18122
13586
7116
29370
11578
5108
18746
4142
5631
26930
7108
14249
22913
24708
1760
23842
6582
24681
958
3127
10660
14362
20082
9260
26184
11432
924
27363
10329
16502
10987
21485
14572
9714
759
22072
27793
20912
11872
25463
26345
20296
26948
4694
13213
21650
11875
17642
16874
2029
27997
17961
4930
8284
24883
5838
18179
9628
20753
27053
2306
10476
21523
1427
8279
6159
20737
26207
24498
11127
24221
27903
24208
28853
7226
2654
18787
792
18427
24296
13763
23741
10946
2972
13704
12948
5095
12087
22373
5299
3245
27154
475
19804
29892
14626
27815
19601
11165
25987
15584
2277
28580
7229
19524
17105
27623
29717
182
27482
26761
2599
20821
24575
16981
17002
3750
14022
13539
2184
12126
12892
7471
1973
1667
20210
15529
6586
29633
23177
20882
24060
29268
21255
12306
21859
28291
23987
5455
8278
26563
22984
11783
9975
25365
28748
21585
17156
2560
17471
25673
5846
7073
27195
27177
15243
5832
29092
28731
3059
14322
29902
25704
18120
23120
5204
12447
28082
11753
2538
3300
17062
23956
24615
10312
12373
26630
17263
28783
21
26956
18924
18327
28429
1817
595
10052
16338
10092
25815
26487
5638
9822
9422
23252
4559
1461
28248
10397
20505
25753
21063
7991
16943
26240
12472
11833
1597
11253
4778
10774
21467
10342
1993
9956
13000
18522
15847
2673
7966
13631
19693
16103
661
22635
124
10171
4845
25441
17097
10827
3622
9922
12823
23553
23219
12436
9765
14695
22304
839
374
402
18586
10651
16455
5408
25461
27891
21306
8530
20681
10727
3400
12143
26373
23714
17220
26891
23916
7236
594
28851
18874
8757
11103
17589
9694
156
11168
27708
6001
29619
20464
9961
1942
3692
26276
15165
24854
20640
14995
29802
9027
10887
22561
20176
5857
14598
22006
20070
5190
16885
11574
19423
8245
19777
663
11183
2873
12795
23567
27664
25620
12908
3585
15261
22892
10009
19783
12679
12586
7198
1315
24256
5353
28550
23823
28193
1789
4289
14376
4967
14555
120
4731
26889
3093
14648
7543
18647
27469
7402
18416
23286
24432
1191
19795
9041
5153
4040
26823
16559
27215
26239
21623
20455
16804
15492
6518
17793
6262
11124
21307
15793
7264
26323
28328
12434
8820
24225
13697
25544
19010
12480
9524
28765
25012
28068
28419
23759
8156
12192
27525
2094
21162
2334
18357
18627
27796
9587
16896
3280
6907
15179
3741
25446
788
29079
11885
10101
3336
12352
3461
17123
23114
14404
2367
2339
24706
26763
21578
6133
8374
29603
3579
29355
12186
14219
9622
16698
24924
9631
27911
22298
14631
17198
20023
29437
19959
25808
20379
7110
25562
857
11715
28717
6939
11976
3540
16307
1351
13533
28318
27653
18287
11006
27358
6522
8441
16173
27010
6643
17781
11802
8463
17393
11160
5158
9551
25937
16982
27877
13151
19496
13224
1816
22752
16344
29484
18778
24562
13295
24771
4208
27570
15410
7237
18608
25693
20484
26388
5541
25375
5999
8461
22602
726
21671
9139
8640
9939
4640
26448
11567
5975
16666
14805
702
18315
3496
6436
24923
25760
5497
19132
3193
21723
29726
14761
8331
7944
12228
26803
13918
27070
14671
22154
4974
26375
18747
7629
4515
1870
19441
310
7366
12153
14214
25575
27974
173
16777
2958
1842
26093
897
28129
8880
9259
23178
1332
17414
26229
3881
21190
2946
6538
8691
28410
21542
25113
2768
23689
16414
15327
63
12131
14039
24592
16268
17981
29161
7058
15453
16159
3154
5757
18554
4227
10805
1065
21666
12513
28141
11653
6762
29496
18518
23116
12067
22823
9831
17473
16169
16622
27189
2149
28856
26996
8466
15507
22291
10632
10832
24582
204
8055
4284
18723
4212
11691
5643
23201
15282
21267
9563
5395
21702
18466
27151
25380
23129
28297
4577
3331
18303
28038
12581
13811
7835
13377
11981
24382
17800
17741
22002
16948
24943
8686
4323
12029
3191
698
21447
24328
7485
3512
10500
10729
6244
18211
24938
1994
20183
29417
8526
16629
12074
27037
24641
20080
14876
29166
27004
23737
28857
16650
2374
26711
12775
26972
18082
6038
210
22742
11606
22848
7861
10565
16890
29815
6254
5333
17388
25913
8376
18374
22140
6508
2797
14998
21113
8109
9378
15762
13296
22230
6233
21911
5725
21763
14154
19402
24576
12730
26501
28356
27346
12858
4811
23382
21883
21605
10605
4698
19584
9458
28206
25118
25055
17328
8762
6651
7323
22755
20507
15272
9723
1899
26821
13347
15982
20149
25372
5464
5545
12340
24322
12559
14560
28793
10265
18655
27773
11525
28790
16861
2140
3967
787
26696
8522
25484
15443
10289
24941
8514
8115
11044
11442
5837
16447
5949
13141
14865
29735
10703
11965
19141
5403
5048
5422
28004
3607
5634
6476
5254
24866
15063
3598
15979
9867
7405
27767
9717
25556
19228
25986
22952
21239
25200
617
5996
18242
23391
20595
4919
24876
21147
25829
9361
25696
13620
26855
13751
13335
20172
22779
5486
12215
29791
16843
14490
18342
28899
27427
29579
29768
16360
20902
13979
27196
15869
20740
2286
134
519
8283
13976
28686
2666
10732
7424
10166
5803
20594
24031
19676
10353
1487
15656
17017
9404
3064
29287
6108
28142
25560
5163
9793
18417
4591
1200
18571
28251
29006
8428
28726
5575
23512
6401
28602
26728
14647
20361
11687
20925
886
5596
16457
15136
8117
27505
25944
9240
14402
29193
6857
29436
19205
17099
19286
8226
21919
12233
25967
16028
2704
15432
17541
4265
19420
25508
10879
14449
201
9505
14697
10684
21631
11150
1580
10694
29483
29591
19650
27299
16697
20337
20648
14771
13956
12733
7223
17010
27957
27754
28261
27764
23008
19446
27989
24442
20488
6590
3291
21019
9825
25642
22713
7246
18950
19870
24378
23327
28942
22335
11995
8124
5890
11982
2092
9193
13912
18770
19490
4155
1079
17124
16846
29772
8063
12006
25216
23982
20119
12569
15133
13857
22847
12650
2381
17723
16642
16184
5126
7238
6346
7512
11364
17208
5485
3635
5972
28156
8781
7454
8496
28852
17323
11068
19931
15029
14398
16097
950
12239
316
25407
11724
25959
27772
19186
8999
20155
2348
17731
24038
28690
3045
4628
5246
20621
27686
18519
29963
2467
13961
967
17452
21392
27992
13108
12937
7815
14265
18515
15114
13953
16590
18622
24434
12509
4540
26434
27724
19023
19443
5824
28546
13752
10769
14174
25053
23078
24330
17666
29458
10136
27889
13065
17095
22351
21595
21831
29378
5539
8475
16377
27971
13287
136
25943
14537
8892
21393
26824
11301
21137
7922
16272
19652
28092
11056
17081
10818
14305
22629
22000
8160
8854
10281
21839
420
17928
25324
11204
7791
24502
27453
17689
18316
2734
2126
26076
7209
9629
28608
19792
15968
10977
20672
2938
3015
29346
10715
21792
14093
8740
10189
8864
13068
8354
13977
29911
23531
4495
764
14711
4522
7225
19936
24171
15792
2101
19808
17146
9001
16188
24449
9076
29532
1187
16964
2574
17032
13021
21785
23319
11849
1880
15490
2457
23884
17024
25334
2688
13534
3895
23392
2230
25193
27231
16071
10373
14359
16007
23273
12844
14871
13934
12756
23900
21091
1873
3633
29023
11814
2179
19781
11727
10190
3365
27926
12411
1477
223
9136
26353
15098
18116
10920
2157
9384
1384
23996
29480
14627
23033
26100
1379
2917
20963
10011
10559
20441
22907
16927
27784
4357
24246
28219
7765
20875
4165
17997
25494
12576
25773
11584
706
28758
28659
8538
806
26689
7633
8874
12518
7297
16157
26332
15580
22719
18394
20556
24272
6683
27470
9165
18651
19869
12505
11738
25241
4550
26903
4943
18295
24132
29905
12554
13267
1455
18483
26376
20465
23045
28824
10877
22288
14110
11784
28583
21404
27678
3863
465
10346
4609
8050
11307
15817
16384
29420
11004
27492
6692
2380
24195
1809
18626
10675
4281
13609
7807
12415
21100
14509
6990
21287
18733
13171
25805
27569
4182
29792
22684
28975
10873
16655
22743
27272
18411
15962
15637
9791
24952
8387
1893
3883
29926
5697
14830
17792
20121
27127
5276
28394
13685
29009
14933
7962
27095
1976
22019
3571
29931
29887
232
13152
21406
23461
13397
28161
26772
27280
22435
10167
9774
10259
2840
1731
21191
25373
9868
28177
23911
1408
3701
27915
23961
25093
21794
16392
20076
18078
2792
8764
19362
16355
16066
8779
6667
2788
24067
3628
23278
19192
26192
16579
1868
29099
377
9222
7071
12157
24207
11799
17480
16236
27802
26665
3049
11761
20845
13719
20673
11608
456
15555
8485
1259
26286
5171
12664
28506
2881
4977
16303
25263
1504
19552
6523
26272
21946
6432
17820
27513
17433
6397
7841
25072
21730
27458
11972
2409
22726
20888
17336
4044
25036
4012
23739
8491
8997
26555
7949
25931
21978
21531
26919
16482
19586
2427
26111
27652
9048
17590
7777
17565
23203
13877
19370
23446
27316
20702
26931
18731
28185
7510
2401
9530
8074
12904
28128
7846
28821
17397
4732
7699
5098
10048
10982
25973
23744
21937
18916
10176
20457
22257
3947
27859
17680
18114
13906
21365
10626
28312
14997
9991
10983
24900
20402
3133
8981
27699
25655
19814
24673
16498
19522
7214
22730
7159
2627
4091
4186
12639
115
2408
21174
15116
17709
28315
28389
10571
5173
25131
5146
7459
7140
7599
15283
23460
274
11022
14789
9258
26425
8072
20597
25371
12620
19656
21936
10656
1317
2634
17671
6296
21223
26257
8550
1324
16692
20876
7367
27742
27548
26154
24795
3079
18189
8011
13795
986
10636
20473
10622
11293
29385
11964
22510
29
29774
1250
20499
23089
3451
26671
28518
20754
12243
25404
25140
5104
26403
11813
19882
8916
7392
21743
3384
15747
17685
1756
34
15115
15042
29590
12994
20014
8404
28850
13014
28079
9623
3987
20369
29325
25214
5132
4801
7501
11472
13247
26341
29957
9181
29573
29878
1934
1475
20493
1017
6554
16891
28907
28968
337
17615
4808
21902
25136
7489
6497
29326
24692
20529
6147
17740
15688
6283
27756
11205
16510
19758
14294
5441
29293
4840
6353
4451
191
16001
1261
5438
28467
13652
26544
27898
7072
2934
7983
11032
10027
8058
21728
16810
7473
4678
24271
22305
5024
16443
28990
902
1092
17925
23284
16610
18048
16735
21155
18797
7521
3489
1321
26462
2433
6427
19578
14919
10869
1214
2031
21611
3968
14846
22552
26449
17790
9823
15441
13538
1342
5871
8152
24182
15547
27884
22481
3597
22651
26915
15540
17222
17621
5178
4841
8459
4146
8805
23390
12504
3106
17583
10808
3276
4214
2794
23559
3211
23490
7170
11874
8702
3727
14904
24134
25522
7375
4936
23653
16707
24754
695
2041
13145
10980
10761
22985
19953
26070
10717
6153
8957
15385
2400
9974
5750
14813
3729
1991
9035
15287
11535
11444
23061
12573
6587
14659
16437
26868
16991
21689
15761
29426
16439
13025
3859
11852
25572
5543
16654
16542
4450
3897
6624
22130
17225
24995
12441
4747
2678
22494
2937
6570
29574
6940
20503
15852
13994
2235
16428
17181
20497
6134
3775
6874
11553
9792
5263
18001
28446
17602
24604
198
9869
5739
8732
10531
16049
4225
9485
25951
5555
4224
6854
3510
10503
27452
7394
3900
17217
23192
23816
16789
5400
15898
20212
10695
14388
17342
15596
10203
14207
20043
23491
23635
17173
15118
9702
7822
15208
15469
15963
28823
5748
18528
20096
17363
12731
17769
8184
21220
12542
10940
12401
7694
1637
24638
21068
21452
498
7517
5920
927
12627
20094
19414
4298
14756
22770
9100
8579
8923
19316
21598
4644
1725
15091
14886
26531
26716
6633
26006
24914
28482
19895
23754
17797
23935
21775
22641
8295
19318
28655
29701
6875
467
22211
3746
17332
536
15710
21724
2736
18547
25247
24475
3525
18370
15502
9778
8210
10435
10293
8296
26865
13662
7902
1432
22202
16987
26506
28614
3731
17638
874
6729
27527
25767
29585
10639
26643
3119
20666
12982
6833
2351
424
9306
6928
1145
19478
27163
13424
22652
1547
8549
8092
19215
12209
9319
3982
11827
1740
4552
8098
2798
11223
6087
25914
16626
25192
23325
25460
26442
20706
18261
20894
16197
18042
8306
12318
12951
4569
24280
11992
29620
3332
2686
27958
29543
26356
2297
14097
5188
15520
27094
15928
21402
12253
21535
5216
17238
1286
28013
14423
26237
20398
13923
12017
9692
16131
29708
65
11378
1238
2161
2187
3460
12933
10159
12046
11539
15298
11978
5901
18035
11138
19544
25947
5043
772
4638
9616
281
24954
544
13974
17249
25109
18348
2311
4144
10436
23292
14990
24654
550
13135
22886
17783
29113
7199
24816
5716
19941
25923
29704
9233
28804
6679
5192
23864
23338
22992
2017
14796
9693
8243
27412
16359
18617
25230
21277
25220
23456
17079
7676
20192
773
3390
24270
7503
13804
19300
10134
14421
16974
15370
4196
27736
6929
19006
28627
9970
14768
8214
25974
14606
29979
17714
18625
29027
15985
22546
7384
776
13047
11969
12205
18002
25579
15680
23106
648
17129
5462
8169
21513
27999
3486
6016
19047
9466
7849
19957
14612
9039
7230
22322
21152
6360
6181
4188
18382
11621
106
23372
24055
11607
903
829
6797
27575
9852
12584
28719
3048
16942
12031
12487
25605
3668
15417
5220
2652
21690
15828
28257
17158
21232
24136
941
3932
28028
19206
13679
28473
4085
18476
29656
29680
27590
7692
10090
15573
21956
17482
19122
10108
22354
1415
12158
3226
23625
8846
20104
2635
28958
27090
7130
14957
21584
19164
27315
5410
28078
20282
25004
13853
17281
16501
5598
1445
21086
12066
13233
23188
9980
25616
13010
12917
15344
12189
29827
17886
1387
1306
15745
8782
8709
8901
12966
15263
20671
16661
615
507
22286
9371
4836
29390
23051
4454
17436
3039
15119
212
11019
2158
12473
2462
21444
29028
15958
10734
7879
23927
5137
10912
3780
11591
3416
23764
7460
20498
11994
11647
25649
9995
6900
24490
11014
9951
616
16767
29508
12292
27390
12371
767
23649
19546
10207
8040
20313
25439
24075
24822
20522
710
24817
19044
5840
24142
18796
1753
896
23330
7302
17218
7377
9733
26815
27192
8970
24831
13413
22537
14061
2224
23866
29310
7713
20293
12927
19824
2431
5501
14152
10400
19158
10846
6752
13941
17751
29674
4516
1688
5069
13873
9764
15257
20436
9207
7928
14213
331
14910
15937
28956
18178
17634
26780
9405
1965
11501
9517
10156
18674
19537
11558
2670
1917
29051
11206
18961
14674
7326
8699
2644
7171
19684
6386
16818
18589
3278
3247
27824
493
5498
1247
21604
14320
2228
19119
10062
12035
4324
6759
6339
18793
27298
29294
6227
5655
16539
23205
9344
7138
3201
10781
10035
6745
11035
1242
17194
3107
4518
25128
18772
19034
12245
15848
26666
4121
4280
4964
16172
2465
17850
3301
7082
8712
7091
3536
16703
8544
23415
9496
25866
4034
5774
3499
12631
28039
12050
608
21514
14663
5842
5790
24175
8049
25690
14898
11386
6224
13494
19410
24022
11721
4566
21812
14729
19606
22862
13096
16252
22426
10003
17273
4954
15251
21049
28125
13228
236
10857
28215
21546
13212
12246
6834
28791
8934
6496
1050
27384
1587
25806
16073
12811
28096
18140
20564
2218
4677
22395
21501
13622
8052
28371
24259
23841
15450
13823
6470
17104
10309
18884
29925
20988
6270
28567
25822
11718
29339
3010
9657
27323
18392
22270
4492
29442
26647
526
4322
5633
6326
1745
22182
5507
13528
18809
7635
3148
24643
7064
28375
13198
17233
25505
25859
10680
18994
375
1107
15901
18995
18768
7968
27901
6603
27576
6529
12335
1969
19844
25844
11868
2658
5480
25458
2757
9266
9542
1392
25678
10994
27160
24725
8220
23309
18630
26503
7709
14595
4271
26730
5862
10208
15096
28859
22699
12388
19430
15031
11154
28819
22525
4381
19716
27937
13288
16608
20324
2489
7284
14965
16959
296
20984
27497
18220
13138
9272
3998
27879
2795
7182
3454
16243
4826
7779
12474
25029
21136
23054
4771
10154
28311
20113
801
12072
5714
23952
5256
10790
27444
112
14672
26877
9213
26082
19986
14989
13373
14601
4406
11913
23190
10771
18345
26767
13479
4691
1400
17327
17413
14114
5149
28059
23999
19776
11534
19897
7600
24247
25702
20510
14476
23551
12931
20631
24862
6020
3531
22258
22630
22795
13794
7080
8272
21167
19734
17310
6598
29274
14565
28912
15088
12408
4337
21131
4704
26500
29077
8291
5620
25479
22320
11125
17521
20105
24890
6680
22163
13731
9453
252
7017
13271
7582
17515
24671
2145
6578
12021
21153
10064
14131
8377
15872
817
25926
15795
27760
12056
25740
16547
9438
15579
13699
13562
26298
23660
1013
6097
17569
2606
17343
7076
5348
24731
1827
3121
19551
19182
482
10935
26270
2404
24512
19534
15010
22906
24281
24138
8134
7014
24892
3027
15892
3157
8808
25024
29254
27885
11086
16048
2988
14074
17608
16567
18208
1707
15348
25821
2300
5650
23000
19273
25213
9037
16583
15703
28195
13943
13583
15671
22618
24993
8087
2660
13126
24514
29336
28843
13880
24180
18803
21537
7842
14881
16862
479
13407
13053
20668
19879
3530
26814
24365
13387
7418
26393
3654
4002
25570
5411
5386
5931
12829
29116
17726
18309
20326
1907
28075
29218
13616
23055
126
8483
10431
29699
11321
10274
29260
18440
13275
22183
4013
4190
24070
27424
24677
12596
25190
9794
17317
15209
23829
9603
16723
8690
22333
6687
11845
12
22067
719
22937
27436
14566
27461
19577
2295
26244
15340
14430
56
612
27494
23784
4153
17913
7355
7792
29709
29847
16114
9163
5270
19472
4215
23383
3019
27709
7426
22551
17143
17828
20552
15725
15587
7685
7942
20900
14545
18482
17729
12187
5313
22574
6396
7131
16266
25211
23738
6091
11527
49
1689
25083
1249
11225
7987
26940
17892
11569
9488
18221
21394
27362
17506
579
3757
23856
15669
29459
21715
82
11100
24603
15319
3339
8434
29654
11988
29512
29221
8925
29175
6543
4597
5269
24389
991
2919
15569
29412
24461
23030
3532
10417
4314
963
982
27534
8517
7863
24896
15978
22488
11729
14145
12185
14242
5805
10287
3740
9727
27977
28197
26678
6184
23468
28002
17046
26749
20729
21351
23168
22115
18882
17041
27009
21903
11560
16388
7932
13410
11987
1121
4275
13082
21041
11473
16030
9545
11956
19800
231
18629
28633
4145
27620
5989
2451
5618
21206
527
14239
27867
13381
8658
4821
21377
13871
22114
11629
25882
12012
3604
29438
2196
27446
29240
8995
22974
12818
5738
24452
16895
16839
5073
870
28139
25103
23686
16479
18344
6622
27201
9811
25082
17276
29695
17579
24078
27865
23104
16954
9745
1947
15862
1098
5586
4072
11394
29251
20273
125
4546
26241
25590
20275
19140
12998
22380
11777
19322
10749
17274
9286
18628
11788
18808
3613
2183
28883
27990
23132
10065
16786
27817
11980
18760
5504
768
26987
29919
27833
29153
13559
18907
13613
1655
26058
23155
6322
15931
18180
1970
4835
27433
27940
15766
2406
15980
14966
13514
5523
24124
28557
22829
7486
25792
12770
23146
17649
18296
12337
28781
14812
28406
16306
11570
323
21453
26158
9589
682
14603
13093
16658
13309
22584
25311
29771
9651
3132
24105
17858
17006
24217
8882
22803
947
27745
25726
28367
29990
22806
5337
21836
11391
24786
17250
3898
6126
17356
14175
24152
27015
26134
16531
15297
2841
5200
6866
7884
5511
9077
6630
4471
13143
25734
18669
13668
16548
3403
21169
16405
26871
16754
8670
19357
27518
22792
27733
18243
1567
3753
28834
25683
7429
26295
2205
968
26172
7191
3587
6642
23162
5059
29786
16137
26176
24939
10008
7002
357
21225
12020
2605
13061
2968
630
9462
19383
24252
11699
4839
15836
14546
5644
25191
12603
29081
12630
23584
17033
10363
18213
1255
4176
17622
25779
3950
18112
14806
22328
23608
3646
18906
15876
10126
9435
23229
26597
11667
25545
25615
15875
11486
10978
2706
9766
3930
18971
28873
3848
6187
2448
29422
19189
19227
22504
2558
14531
14303
14519
9921
29629
23235
26870
13733
19749
811
23665
13017
16233
13875
7428
13208
2865
9977
29327
15956
22177
24431
27477
16505
6809
10942
286
21070
11436
12130
21439
21594
25184
3338
2564
25379
14661
22692
9781
7340
11010
24069
22433
24781
15618
16108
13895
12062
10657
5222
24359
20501
16652
19979
7252
14478
12235
14166
24122
20012
16132
603
22968
7386
18268
15248
9928
5277
5293
2327
26232
13049
1720
14275
16561
18225
21189
26988
12030
21050
11410
27788
1273
26567
14256
25631
7313
22865
7144
13113
466
21687
20949
22791
19485
672
20717
28151
23965
25728
4973
3182
21235
16134
18308
29040
4483
15825
16878
27680
23799
29982
18227
13292
25852
25151
27945
22327
8425
3854
8215
4229
6961
9374
19184
27294
24356
26604
9075
24003
13850
11725
8391
13052
284
2376
23011
6291
8528
12741
28373
20385
13658
18340
2776
19509
3189
24803
20870
20679
28249
18100
20577
14646
20560
21924
16282
2193
11054
164
8784
28461
24172
16616
3666
1279
9395
25664
7992
891
1977
19567
23817
18843
23433
18693
15007
5491
926
27371
1638
25391
26072
12163
9470
28502
20164
14964
17303
4590
21634
17183
14655
26632
12162
2051
11213
17159
6323
21376
22393
27047
7790
11126
3021
2824
20160
5136
7906
9861
20095
5081
15677
19765
261
12479
12356
29971
4956
10915
26659
10370
17262
19381
16465
17660
28789
17802
7157
18983
18289
15717
25966
24028
26574
6813
21281
9328
13003
14461
14899
11091
952
1263
25823
19740
5093
405
17618
9927
26455
25387
737
21657
25653
23271
2802
17438
7054
219
17437
5826
9679
25209
13379
17188
12391
1659
25807
29492
15674
1113
20619
15024
25408
24306
8678
17577
21006
2834
2589
17904
27748
11457
11458
9247
1497
1820
20570
16309
19305
23
21024
7646
2932
12720
15805
3994
7880
27747
5709
9244
14193
16527
28827
9262
10000
23912
3437
24947
20531
2139
22828
2009
18323
20953
7154
17523
17461
5355
259
4163
12549
27443
5437
3092
21084
8102
28619
26018
10578
22685
25945
23065
2743
13931
27654
8504
27825
22612
29015
29143
518
16389
29176
26157
9862
3210
20184
12395
17185
11638
5308
29206
28123
29434
27935
2047
11598
20605
2720
20785
16038
8469
7867
2485
10365
6536
1841
20890
3713
23124
21901
16568
29234
4864
29223
3498
2544
628
19235
18210
3830
1488
1561
28423
18186
26185
12884
26275
12899
6818
4829
7513
29435
22097
6194
24335
10383
29463
8977
17525
8539
1196
16671
1762
2287
27430
5381
29917
18044
28106
28931
18743
10702
16337
9499
18660
16771
20969
19640
27394
651
21429
18664
10368
1832
6260
6631
23268
27519
10834
21587
13983
28828
29384
18549
2076
20541
2405
7328
3407
8346
2243
20895
14379
14808
14103
12417
27287
26193
22716
9796
6428
25399
364
21474
20234
23143
10623
15328
7711
10906
20695
731
24861
28624
22501
27292
7388
2119
26213
8479
14948
3877
29391
13396
13608
20721
8590
515
4446
1780
25336
2993
25086
5660
226
28625
8198
19225
5284
17982
18977
16950
5199
20566
8730
22254
26818
23041
7653
24715
19269
2296
27691
4855
10744
2398
9502
25546
17656
7736
9099
7474
3517
22852
9989
4200
14410
4428
11682
21112
7850
22157
3485
13122
25037
22591
14524
4945
15728
20400
18965
25872
19827
9153
15933
18752
14868
2750
4571
12560
22505
29948
26401
7844
14262
29761
3649
4533
24061
29739
1025
28058
19290
18286
26013
7853
19905
29129
22777
19134
14782
25831
1243
1136
12552
8385
5590
28677
10728
13106
6070
27104
25076
5522
16223
7349
1715
2175
7921
7434
23595
3562
22698
17604
29441
16339
20425
5829
4022
22875
14319
20682
11840
22385
1300
26762
24610
21894
23785
2836
12929
180
15781
28460
5266
5740
17605
2817
18576
24453
5791
14080
29108
1997
2494
18539
14147
14198
13476
23699
11625
21711
15338
18810
2850
7614
22057
14139
27329
11746
24100
4097
25975
16277
29828
7680
3204
647
27966
29517
9680
4288
6955
917
16059
1668
3621
28915
16466
26853
26858
23443
5072
4578
11580
11142
11750
29179
26024
29235
19644
1325
2100
25486
21055
23519
2744
3438
19950
16275
19861
812
282
27422
26197
24973
3449
29824
23908
24660
7802
17879
25874
3759
23715
2294
7771
7368
14947
27804
10934
119
7233
8073
11942
16673
5338
9539
16634
17331
18173
14807
5956
17333
18527
24568
29342
22391
4122
20048
18475
22616
24742
297
19256
52
18860
22358
4534
222
16675
28381
3528
5843
18065
21128
9992
7758
4123
2886
26977
11664
10141
17757
4007
21319
20593
8347
14281
27296
9636
15286
7351
9853
27860
22263
1378
5332
12522
24418
11461
24617
19242
9511
3858
14327
3322
29158
10553
2931
25845
17472
7622
8307
12485
26387
6223
14908
9740
398
20884
8081
9029
6713
28159
20338
15060
1494
24959
4843
2407
17747
7909
7478
10239
29679
2201
29805
5398
21787
8938
21988
15351
11954
25286
10106
7483
26015
7004
8570
25563
8204
26419
14747
23277
28582
24355
27739
16633
10463
16082
12762
6477
20627
13264
28593
5490
19208
19660
14243
11087
22375
19855
9054
19483
14680
29305
22397
20999
12528
548
20445
17502
794
15724
3420
14633
16930
21551
19834
3162
474
28117
2037
21030
22053
22575
14406
14690
12796
28164
12231
11902
3484
25654
15052
7862
29976
7864
1099
11824
29658
5831
21311
27564
26221
3012
4327
1906
14120
5057
9050
28124
29866
12112
16776
26781
12399
12221
4725
22413
3797
28884
16363
26418
3304
15888
6045
21134
22507
15355
14913
25197
16532
18905
15260
12150
7525
28130
10768
26020
15597
25308
29155
15307
3516
25990
9637
28903
1613
15415
16517
760
23263
18861
15515
25340
27016
13088
20161
21238
2449
7708
18835
12970
17091
2070
28922
24968
17875
27302
3872
18195
26004
10918
28326
26169
16485
1492
14941
22026
24974
3325
9751
18512
17030
18218
15874
1495
25403
20771
13980
9308
5945
15425
14497
3298
12634
22686
16709
7783
20840
9224
21302
18802
8831
2530
21309
25119
25791
22445
9839
11540
2113
13650
4025
21390
10594
21864
3519
4580
17843
13806
20474
27255
21395
24159
23003
25400
19830
2979
5191
24970
22365
21140
4459
15050
833
18371
15650
16126
7918
3993
12200
15074
25423
24299
6784
21466
9736
9838
29937
27785
7357
24116
7222
27763
22825
17721
23097
20487
11030
23719
15934
17498
28436
1489
8506
2626
9287
9212
19469
13033
23088
21959
18190
29608
10894
5134
26718
6700
18448
6920
2298
29941
3088
27099
5195
5623
23115
20804
9121
2989
5414
10357
13587
15495
5652
26704
3501
28180
20707
27616
28287
9058
3071
19603
10478
1323
15429
23617
9812
1155
17917
3584
6182
20599
3284
22209
17942
13250
29955
22565
8987
15917
5768
3025
9161
10117
6743
12965
15419
22105
18534
977
29407
11016
6444
14073
6200
25965
17522
6727
3398
28663
5898
14108
22027
9317
8513
28537
2452
17508
20919
8948
12714
21714
17005
3844
25790
19462
6975
10898
4834
9417
24212
27457
29734
4783
8488
24110
14283
22729
24230
8207
12871
3256
5668
6465
29288
22750
23580
20955
21964
1551
22988
28488
5690
9074
24830
26385
13149
5585
27300
10967
19550
27508
4216
22805
21659
12960
25547
17924
14790
7009
6513
8868
17568
9758
29377
6968
6307
16458
22819
13042
266
4961
151
17817
25075
22837
9555
27491
20100
11250
27161
15259
28042
29782
20247
606
8629
2782
2815
27321
13651
16850
19204
10125
5880
24189
1955
20786
23411
23690
1483
21357
12879
19937
26700
14926
7971
25676
7782
4174
11455
6429
27210
20491
27943
999
2104
3964
20190
9787
23206
10069
19482
28048
1188
20200
12385
17526
10131
7589
5230
26251
25106
7254
13345
2333
27420
8718
24518
22430
8112
13887
16914
24525
24183
21855
16980
2976
9886
19159
12255
8633
17777
24907
1491
24838
10393
12350
11109
1556
4422
28935
17883
2282
20221
23096
19816
25226
25650
8774
29091
27276
13298
17603
4447
26436
16765
11076
15359
6792
25421
407
22142
24820
12303
18588
3910
20034
15736
13194
26097
14559
26055
14522
1887
26725
9290
5061
7828
10224
20625
15230
16395
19837
18412
4064
27065
28102
4464
20795
1807
7361
11579
22910
16670
1060
9504
24655
11288
28238
13579
28829
17266
20855
105
16856
23134
9611
17052
8486
9567
9584
1531
23496
17727
2646
29243
17469
14186
17560
4179
10535
9972
25511
24898
14829
10466
10340
11903
733
22885
1569
4086
4482
25941
18735
17505
11262
28186
27622
16221
20438
22535
8871
21256
11921
12044
22611
14209
29041
3674
19174
5215
21303
11731
898
26142
17851
25464
19277
4618
17786
9597
11324
19671
24450
12677
17065
26064
3001
4077
13593
28540
27762
21532
4958
18320
27335
1937
20530
9754
19331
16483
24164
20506
8515
8062
12903
14866
8190
18516
8103
4114
2851
16550
5571
1122
9876
17340
22844
16203
5327
13182
27221
8224
3152
9467
5365
15442
27749
10205
28307
23555
611
16886
2685
12188
21540
21157
15938
8685
1721
16606
25713
325
5495
12693
4972
25577
29497
2426
15624
6702
13519
24545
6761
10858
18526
7553
14569
8885
27601
29102
21580
22863
13089
19916
18105
23871
2878
15856
27116
2783
11492
8525
29760
2879
12661
1775
13950
4388
16877
27156
29126
3026
24331
13555
28189
17930
3814
3408
7551
24812
21622
1326
778
6956
6220
8357
25437
25150
25984
15960
20303
11305
7894
2182
5612
24295
23910
11389
3239
4622
22960
10739
13862
17075
25360
12842
13092
13553
7566
25999
1149
6620
304
20512
27853
12654
9486
8585
3700
21108
5574
28940
1628
2844
7601
20447
24381
11027
4346
3550
16705
13244
10992
6445
3491
19604
16488
23189
21260
2672
18015
16715
27936
21722
17703
623
13995
3141
7698
8367
16179
9906
21386
4804
23989
7232
5786
3195
16956
1419
369
3076
5099
11684
28638
20006
15408
25686
24564
26204
15854
27998
18566
24043
21117
28551
13243
5925
4525
28812
12891
15315
28350
5982
28941
22834
21597
170
932
13836
5360
28917
28725
5118
24220
10157
22359
23318
27162
5283
18985
29055
27674
12494
18165
6382
28811
28910
62
6319
10056
4539
18665
6690
15913
19780
4887
28806
11080
1406
6537
13190
5102
4082
20613
1303
9514
2885
17411
17346
17501
26879
15846
5252
2321
18428
4761
24090
23062
10753
29111
20937
11829
426
22969
18434
715
10625
24130
24376
25388
433
11428
3367
15392
9383
23807
22963
20861
10382
25134
921
2189
21522
23493
29930
17353
5418
4278
16923
28840
8090
22881
10849
9144
12875
25132
19199
23125
20796
25899
7039
4707
20283
15908
6440
5548
8954
9343
1463
27603
27531
27379
18326
11112
29476
21293
14051
32
22061
17955
25739
14248
19845
20168
16728
14032
28542
20588
253
6188
9546
15551
13022
21824
13400
848
27746
1343
24790
17856
17050
28199
1553
19294
5181
6229
12704
4797
12831
28181
19877
2420
29097
18262
27598
22421
2176
13826
22147
16261
10801
27310
10884
6299
11186
28027
14536
18418
10151
9817
4399
13313
15600
27588
3361
20784
10237
22198
15464
17701
13706
19948
12690
3962
9004
28581
8543
1053
18915
25415
26941
4081
15077
5711
4918
5943
9490
6142
15242
24963
15758
8863
25601
19929
29381
11554
9615
24543
6394
5775
6265
19984
18982
20928
3524
23981
21263
16292
21497
13443
8151
27293
29106
10586
29563
14960
7433
17862
13389
13619
19736
4057
8373
19084
21769
28579
13210
1701
6539
7298
20235
27925
1233
28667
19326
7881
23591
21110
3196
22472
17915
19721
20064
13715
19681
7008
21250
3435
26846
5680
29616
28393
8516
14651
26369
3299
26022
21983
24032
27682
11234
9926
5412
29967
6079
25525
20167
16676
28572
1276
10638
1339
1577
29872
6388
27672
9285
10701
3999
5604
25761
329
29700
26069
3627
6383
26682
20309
29952
6551
29244
1571
10026
22152
20546
14140
8564
11153
21412
21145
25538
9608
10398
18645
15546
22372
11071
14444
1020
17772
21548
17197
24451
22527
1614
2773
24216
4886
25417
18649
28097
19677
23274
29302
1131
5912
25969
24787
26628
7049
680
11559
9884
19359
24714
15462
29530
29668
6076
26701
19246
6564
19582
953
5198
19048
9877
2088
17045
4239
15433
9685
20606
13630
15864
23224
14556
19512
27309
24303
4075
3687
19902
1368
15147
16746
2908
4103
5312
17535
19788
17489
9128
19272
10461
5031
17870
1296
22864
1309
10202
12940
25310
4462
5833
24618
9087
20629
14199
16983
21786
18214
14211
28754
3094
22709
2818
25669
17933
8121
3297
18103
21780
29416
17135
3224
4765
16350
24119
840
4260
1639
18845
21013
15581
8797
13503
951
28304
22789
16995
4426
158
9828
26135
17072
178
27871
24443
6183
14586
9821
928
11626
1019
19846
14906
18947
12242
3167
17432
17490
15830
10483
8841
26952
27166
7847
27250
26872
25430
26461
27400
91
27846
16446
12202
19835
4127
25756
20476
26863
6868
21873
15190
28352
21644
496
11365
19162
14574
10432
22119
27376
14227
4807
26437
13670
11037
28233
9968
26371
17910
14736
3237
10692
4461
15861
14422
73
25057
13872
6173
4549
13290
6639
28166
2220
4531
24561
4222
338
5022
14634
1800
16899
13902
25565
25604
4853
16913
7408
8775
13401
16907
23084
18741
10860
27711
11695
2975
28711
5502
28459
4817
13975
4815
23209
15905
10737
24016
19095
22477
5420
9933
8828
3766
29456
12452
4250
16013
18533
1706
19849
27351
25968
24476
503
581
13638
29634
10697
11857
2631
28548
3718
7660
1280
25271
21297
16140
28591
18504
26271
14999
13070
4874
21194
7175
1649
22870
23447
1340
11947
25912
19750
1808
17214
6531
26177
18023
10724
15593
29522
5508
2986
20426
486
11937
10023
10332
13821
27952
18398
18158
7826
26925
5370
21804
13989
14953
20974
8536
20688
318
21077
11719
8794
25022
4017
5649
15625
27484
2639
4020
148
247
21463
25273
21156
28831
14870
23137
26009
21282
807
25950
10520
22098
20458
7019
29148
8559
19440
17647
27174
8456
22517
29652
15578
27869
22609
19136
23211
19874
5934
16378
9268
24314
5800
2154
2216
2667
28933
4548
13037
7619
9596
20515
4296
25058
6019
12735
18633
13669
2168
6023
22773
23684
16637
26029
16035
10956
9321
16330
13351
4904
12593
24934
28947
15668
20910
25787
24759
10961
10120
5647
29096
343
12412
3758
20901
29167
12507
13289
21144
25353
10993
8492
9357
18270
27080
3087
5446
12977
24557
28739
4587
13398
2807
12381
16841
22043
22541
5288
6180
8137
15343
12108
16153
8533
4453
174
17555
1526
17179
14520
24539
21292
22499
1644
3267
20443
18658
20003
7988
3816
16062
5113
21437
29142
19278
9036
5667
7399
18230
5913
29177
26144
3066
20524
20992
26511
18774
28913
20636
12397
17345
26392
28147
20232
21111
8920
735
4656
27339
26476
13008
28628
27198
6860
22339
26943
19506
21183
9296
2080
16605
13455
27948
9858
28388
4319
8290
17067
7095
28351
10178
7911
2790
13184
24590
24813
28692
5315
23251
14733
10780
13015
16780
13724
18699
24268
18670
9318
22464
26638
25854
24081
10074
19708
23939
2048
2249
15787
28113
9401
23882
10103
12863
18043
1374
11481
3574
27644
2043
1009
4780
25599
11510
21890
9234
13529
14516
21899
27325
81
5687
16138
18297
7714
42
25210
2525
16456
16659
4134
2000
29491
26046
18298
25857
14799
10440
20622
395
20159
5990
26247
13107
3243
27988
24981
27055
15911
14749
23477
19264
2067
7933
21972
17532
18580
12571
15135
1953
10534
724
15032
10816
29763
1941
29217
11162
3320
8495
10521
4726
6232
3673
28650
29766
8482
26547
22352
3318
818
22045
15300
19638
20193
18508
27475
14258
18285
18058
7640
1431
19131
19769
15388
28089
25202
26391
2026
19405
29984
1883
24384
29322
27597
13892
22242
15806
25040
29232
908
21954
4822
3514
9196
15421
25032
19691
1962
14076
24780
27245
18273
29238
4133
11286
22710
3951
13023
14269
21385
28574
19488
18021
21042
9770
13428
12915
11215
24324
25169
13740
15233
6253
17295
3419
20982
1005
14190
78
23566
863
30
12342
8565
19222
11671
18948
8096
17120
8454
25335
9753
22036
17102
6460
22793
19545
4198
24869
636
11170
1502
26095
3825
18767
15396
9117
13578
12428
18800
16041
16218
16830
26970
14413
9454
25758
23489
5435
22655
27033
20086
10359
2221
9756
2040
4714
17739
19955
27980
17597
21489
25456
13865
14787
15199
5536
10447
23384
27894
17527
5988
18877
6289
8126
25915
13761
6035
25005
13577
15961
17720
24843
27737
21102
11251
24887
8004
27011
14414
26922
5613
23091
535
24808
4256
29174
18259
29014
16489
11526
16492
5237
18128
21114
24674
23466
19125
29752
7162
17673
26059
10892
21928
11519
25269
9410
26008
4035
12932
28101
439
21251
25863
9895
19239
9145
4059
8811
11820
27536
16758
6061
10179
10375
26420
7112
19745
23532
20305
19160
29738
28691
27843
17497
12727
17324
10097
6696
24409
26167
13257
5275
29759
6303
308
6609
808
6768
2663
3638
632
16536
5755
8949
1537
11122
18791
25906
8276
16508
11991
22808
8401
8903
461
8039
16572
8122
2756
21455
7441
11950
14517
16624
2755
7952
1498
3837
17026
19474
29835
14447
6780
26214
11313
19147
29074
3624
26316
13432
1128
1764
5042
24767
445
19867
24394
707
10908
3378
21529
14325
21626
720
13191
18569
26465
7665
101
29136
10297
6602
22502
8269
16393
14859
14872
11968
5458
22914
3130
26400
28618
13169
10177
5578
24391
10640
12621
8019
17165
26199
12079
21776
28507
3640
29409
29538
20643
15641
12647
2284
29072
19171
3904
24018
10611
25738
25905
2675
22962
29848
16672
14792
28108
7220
2684
27565
8753
9414
24441
10405
24593
28522
28301
28965
6293
6917
13302
12116
427
18272
15375
16864
15214
12018
16664
21092
22576
5910
14784
15614
21093
12614
7931
11343
448
1490
22489
26953
6452
16251
17459
28321
1562
4641
29230
14280
6694
27123
10803
6358
15291
11615
14512
14588
23583
6977
13745
17037
1267
6471
26039
24363
14589
13434
15482
4563
12746
17086
5193
229
29231
11663
12084
771
24649
5785
7420
23282
4335
13523
11295
18763
18438
16351
13882
22740
2964
3696
2891
15332
26406
10425
26991
23414
21247
24211
16117
11790
11393
3892
22851
3235
17358
8450
21142
24680
23513
13318
8420
23938
26619
20047
19636
14885
9687
2013
12521
14607
654
2747
29628
20015
1377
9508
5004
24606
29809
7267
5944
8675
15638
19054
28051
3941
22724
17678
26600
23093
15648
11430
28973
26335
20862
3453
20071
23899
24467
2953
8558
22948
17859
19755
21409
2982
10810
6979
21264
16401
19945
27248
14611
11585
10214
19217
17013
2860
25668
13482
26267
1179
23270
27532
26613
29529
27426
19738
17301
2143
16564
4151
25976
2771
7509
6641
6406
7535
27807
27176
29569
8955
25397
23775
29940
20863
13153
9002
20692
25206
21817
13339
21747
25155
29784
8489
9728
29389
11440
2325
29900
15193
19686
26517
10948
7235
27574
6464
14483
18736
22022
25074
5196
20226
20856
1552
11817
6669
28654
1896
11166
20380
6112
7383
3180
14534
24155
7591
25592
10216
26256
28175
14550
23236
23317
10668
4718
12078
25121
29338
28245
13635
13759
25477
14237
12813
23465
27921
28874
384
8661
11489
19487
3326
457
23628
13919
7672
21432
12317
27537
28569
7283
17887
28803
17539
10913
10396
27684
23085
21993
6364
13234
23950
7189
21526
12794
10549
10017
28865
8399
26633
4792
25167
12980
11185
2664
11787
18451
8973
5160
21842
9216
8405
3923
11257
25878
9452
10828
11426
25472
14334
12537
5577
12042
18535
29224
468
8186
12366
15331
17947
13833
3227
20841
7291
33
3784
25971
13497
6885
5772
19996
8588
13640
24393
16717
16450
29085
11252
8444
20213
17748
7730
12446
6840
7047
26894
17475
5756
10917
6794
23435
27062
5405
21632
19407
6059
9236
11200
29923
5172
8032
24320
29513
11832
5853
20905
22606
22484
25921
1459
28845
11955
18358
24612
25251
12105
4375
16265
12602
23138
7401
11008
23577
11883
7717
2730
3911
24344
14172
9223
13967
12686
28498
15124
10341
13063
23749
6065
28235
16478
4606
14518
29907
3559
14355
13334
10563
23448
10149
7437
17242
2264
22543
13360
1831
7265
8889
2636
1063
7908
18676
2503
7907
18587
436
15368
684
19839
5995
3077
15777
19276
21405
6082
6053
1633
28336
11379
7744
19028
23661
27367
20797
22944
6234
24966
20297
25503
1901
6374
5478
25105
11592
12171
14348
26773
29961
15012
17329
87
13903
5679
20350
14301
18807
589
26990
17664
20437
20357
313
4101
14632
19188
29100
12732
17321
26113
23121
29117
21471
5877
25246
6749
20359
22512
5011
22811
24921
24836
21043
7315
22389
28939
4154
3688
19497
24479
8219
7224
24804
13819
16740
15775
633
9802
8621
25956
10709
4885
27230
22545
14082
19555
703
21991
12839
5445
67
19723
13626
19005
1847
18563
18964
25785
21285
28810
23831
18889
29105
12378
14820
8189
26717
12496
20561
25063
19624
7107
28009
2751
10219
11441
12173
28031
26910
29329
5896
15732
26723
14547
24238
14263
21708
1218
26660
17246
12717
29690
6880
9710
15947
2267
2108
24769
13507
8239
8013
5535
29007
10984
163
11423
209
16100
19977
21366
5867
21888
19103
25645
24877
28709
2943
10229
20174
26120
19579
12086
28493
6164
12697
14584
26976
6514
21752
7213
20310
23846
16677
4076
25185
10949
15900
15082
10480
26104
22578
20485
24773
2207
24961
24263
1352
5948
21125
17283
28600
19341
11
7330
10276
24318
13272
8155
24089
19424
19970
18871
19796
8213
6264
24178
12144
8125
19056
16499
8336
27378
10257
8505
9854
23067
2058
8432
21237
7272
1996
4143
1548
938
11055
28762
23351
22274
347
2428
29844
6615
29617
10825
25991
14494
10800
8499
8138
6512
7307
15721
2493
8584
13359
19983
5783
3949
10050
13776
5796
12779
15275
23434
6717
29586
207
20859
23153
8650
29383
5300
3073
16281
6984
6030
17456
5005
28179
28212
20029
775
20809
9986
2479
23445
25217
29393
28928
16541
6882
25764
12680
7831
12272
15215
24675
16573
22639
13178
7329
5746
1529
3782
7827
19080
528
29906
24707
11345
98
7101
19421
11417
6525
21732
8510
24572
1691
1736
12986
17652
24598
8371
21296
27864
4173
10221
18568
26811
25717
4795
25774
4334
28491
11805
7034
1114
21713
10939
11042
24880
11275
5961
9292
21917
28211
23830
11780
8765
58
24770
29682
29479
3547
15602
7576
15472
12640
22112
20115
12745
6856
24583
5873
12207
11135
9283
5079
9832
20315
29358
7303
7109
9750
10820
21945
24597
23473
15843
21985
19718
10748
24711
1291
27687
10320
13470
23331
29889
15541
28453
4501
4787
11017
11869
21642
17902
21317
14716
4921
4642
29279
9079
17697
12068
28984
19541
13268
29904
28428
24540
11405
14332
24922
4339
13723
2705
12134
23943
1704
7994
8648
6405
739
10928
24667
13315
18471
1879
721
21180
24664
14137
16996
15697
29949
22636
14987
2537
810
4632
17767
4332
6502
4736
21450
865
14954
12432
26122
10936
10007
25252
15583
22901
25447
1813
4006
22232
24687
8783
8908
19030
15184
23820
25661
19949
16604
3869
16274
6268
10443
1407
29788
20983
25080
13120
11689
25502
8860
13492
9109
1822
1382
13485
6723
19241
2258
11203
20924
17999
3386
21592
29330
11020
24776
6515
16264
6472
17684
27265
1643
20734
19130
24814
3128
18338
5208
11081
12812
14943
19954
24554
1658
10927
19529
24944
21664
2950
22035
1815
988
2490
9064
10253
11375
1926
11029
19896
28490
16813
2430
25648
8632
26892
13535
3433
18615
27963
21124
11291
6580
553
14200
22312
23444
22621
28512
22166
10113
10095
13064
13632
17576
2506
5524
28700
3619
7011
22634
26743
1550
28260
19045
7335
25020
28645
25838
18764
2754
1168
22797
12455
4693
17399
1462
4105
10070
27001
27908
4490
11620
14168
3785
19820
14161
19938
8704
4888
10955
28372
7963
3328
3803
26445
11860
25725
12261
14134
1014
597
9147
4498
21552
26389
14471
15981
1987
1257
10574
23453
3150
4311
25158
7406
24916
18185
3838
15221
4925
13109
21278
1730
1695
28081
17193
21511
17112
5570
23264
16618
18263
13797
9712
560
3526
25237
20
12797
2301
24532
29423
4467
17337
25141
17000
20899
26932
6408
19255
2691
19396
15071
15491
26446
9513
7067
29819
1420
24486
20704
18099
20942
1227
13627
20272
3432
7018
6138
4393
18113
10665
28392
4712
28431
17466
12575
13253
12276
12043
6786
24784
3217
22624
8952
3171
15234
13270
24946
7773
18011
6755
18423
9415
21506
26408
24801
23907
13416
17287
25499
7540
26920
245
9396
20824
11894
1304
29683
12241
18430
15524
10232
5537
10204
6887
20658
15104
1857
5562
7352
26841
9734
11550
959
15611
9878
15418
27087
2379
21067
9239
13254
14241
29066
23057
25342
8825
15707
9509
18127
19367
24140
15751
14689
25025
11748
6295
16665
23722
20171
24037
24544
943
3375
25594
27247
3812
10378
7516
19682
11737
17074
7339
21613
13618
19574
15575
17978
23613
21323
11483
24764
24629
380
16451
11049
2738
3885
23180
20481
25998
29973
3100
6992
8576
16796
23815
29886
26768
26263
5162
25448
7300
16853
23354
186
13466
28295
24005
17106
27806
24392
25721
23755
11437
1850
2366
25746
19956
11990
913
14462
26014
3609
4203
19329
13195
28871
28155
25314
3558
8912
25614
23732
19031
821
4557
27277
4617
28772
28675
4542
2533
13933
29360
12236
17296
24245
26301
27667
25175
6997
16187
22310
22588
29549
6653
17308
168
24088
18620
17069
13325
23165
12226
3847
9512
25949
11828
26608
1186
20024
29712
28879
14912
27257
27506
3667
3145
24694
24269
18619
5465
21857
20092
17596
3476
24286
14969
6668
5876
933
1844
14958
6708
18922
1833
8771
4136
24964
23056
621
22326
4645
55
7732
15865
3228
2825
19690
26756
21846
1311
16587
21788
18714
14691
21456
8047
26491
11946
5973
10327
25480
1514
14407
678
29499
4790
13701
6647
13310
11812
16816
4473
20547
14299
3083
10018
28820
5617
2166
24920
14677
27581
17254
14420
4532
19908
23636
17708
1456
2499
16382
4041
26121
22664
9483
14144
2192
25574
20701
10286
8561
14083
16096
4663
6709
1723
4330
15277
24201
2829
14758
12115
8763
12618
17761
14164
15902
7745
12920
13048
20790
26065
28573
9661
14167
3643
28697
16797
10547
29939
12561
3544
25582
24903
17778
22106
16607
13125
18280
6721
6569
25359
24523
21233
89
27165
14641
21257
17550
24080
26079
13793
23457
20847
29644
24415
16454
29895
18517
19459
15603
2155
18556
2167
21620
18614
12705
14365
17164
12897
19161
21433
4895
17733
3192
1533
29353
28844
3028
20655
1755
16708
20138
19126
18525
13597
17312
14640
13743
9592
3067
11089
16419
15249
25422
446
8178
12138
17626
26179
9323
8749
21135
14619
10742
24213
19073
28074
15975
4754
28687
7728
26421
19815
21627
5510
26440
4523
22034
23467
110
412
22117
27003
6316
18987
2483
18236
9635
28182
20363
23901
15475
24928
15205
14485
13266
19303
27039
4054
6775
3081
9855
19667
11072
29659
27057
18147
11907
2939
751
21736
4634
2223
22084
26542
23480
22377
20782
8056
23452
7481
3652
10273
15711
5330
14049
8789
29527
10087
15882
24154
6628
213
18866
10021
7981
6873
1478
27606
6946
6212
28484
9254
11810
28566
19764
23631
25602
6085
6855
14226
13451
14317
15051
1710
26822
21539
9678
984
1358
12964
10399
29215
18909
11541
3509
13768
22251
25517
25622
3577
16081
3919
9407
22891
24062
15807
14181
14333
29265
3556
20461
23934
22736
21880
6499
11132
14329
10150
6162
18553
19311
13261
20839
6485
28242
27340
6524
9184
718
29781
22832
15152
16496
12360
7590
15564
4674
6552
27819
1943
10444
19154
4358
22640
7423
9322
20219
7662
10765
29503
27218
16005
10192
18775
20813
11401
6072
20117
3142
20233
1366
18306
7445
1574
25672
27847
2147
20364
15670
20349
16147
9162
19041
9297
17711
10129
13782
29559
7623
1418
790
6256
15681
21005
1294
25465
358
8094
4868
15341
18474
935
7212
21697
17814
29445
17958
22256
29214
29715
22976
22498
26260
24126
3623
6985
5016
1959
25428
15893
1963
7917
22528
9391
27985
9731
12632
11898
2078
26211
10135
19635
8248
565
432
29089
29186
13547
2391
5702
1471
29078
21294
26646
14272
27029
23627
27765
14628
5488
26143
10677
10292
15661
15797
28536
13105
28385
27040
1750
29920
7274
8791
18150
19042
17806
15563
21484
7021
23374
23932
14025
18934
28605
102
8447
7661
17869
27169
27994
2434
2091
10294
9540
12315
709
28974
21315
14762
8464
29640
22567
21347
15269
13917
5385
21891
17406
248
27098
18880
18697
13778
28676
5409
5166
9390
14036
20550
538
5003
9586
6259
1829
28131
17169
20478
11151
5141
5942
3008
20175
19152
12450
29778
9696
177
17103
3113
4487
6823
16990
3270
5822
15002
23578
24123
18946
8208
26266
26458
8603
13607
27333
24470
19978
419
8375
22509
2539
10305
16036
12594
29803
20206
22627
19935
2895
3985
11806
28585
29093
21709
1195
7128
16023
20814
14247
9436
5376
1935
6849
12981
15353
15645
11605
23401
13603
7727
6333
4702
2109
24426
8023
16507
8077
8014
12024
3908
22241
4935
4871
17057
28978
113
19077
8490
14982
11966
25099
10174
18433
6068
4767
11329
15617
1546
9780
5673
29541
10392
9612
1301
2565
20670
14450
3052
8258
17807
22449
18380
13430
25026
15028
3000
14968
12895
19651
29564
10595
12413
13825
15154
11387
16778
27313
1435
4529
9276
4408
930
9158
3038
5207
12716
4465
1162
7216
12113
8281
25557
26657
3109
10139
7768
430
8171
18000
17230
1229
19036
16921
12536
8963
14399
9241
11513
21878
25694
17585
10614
20384
3044
2482
22255
5382
10628
9119
24745
18164
24911
4066
27448
9341
12311
21893
20083
5009
24662
25588
17236
2630
20032
7546
28923
22323
28817
19232
12034
4985
4067
1685
3955
21771
14018
13566
17743
5352
29546
29280
5021
17403
7090
20073
4258
28985
11344
9293
27396
94
27986
28888
26053
28501
5802
16915
9658
19668
18537
11285
10111
7919
18155
12752
8262
24639
25394
27267
24348
20559
21889
14063
18695
6204
1068
4601
7833
23080
13087
25248
2551
7085
1285
14624
16760
13772
4965
4299
11031
27550
13817
11197
22296
3590
20947
22161
9070
542
21502
5250
25809
7506
10217
17056
28755
13274
2780
12912
17774
4858
4524
26471
14453
5356
6042
28555
9301
4466
9662
11082
27566
20557
15293
16308
21414
16523
4506
24427
9164
7958
28378
25419
7872
17725
3707
16407
29592
16819
7243
21614
4291
4037
5686
17500
17128
29733
2592
6793
7374
20017
3085
481
6169
16555
6174
22294
9807
18598
16093
5849
4897
13461
599
3790
13392
13456
20061
21609
22919
8823
9051
28895
3534
21023
22894
4329
21621
26653
28214
5006
12097
3402
27032
28529
21242
4745
13353
64
7693
5742
18321
13897
4883
7851
11012
1224
3546
14937
2739
28682
4457
8683
13725
25885
10747
25876
20413
16897
19339
3813
24290
13812
14642
3363
27077
22206
8888
16271
21615
8476
3886
16178
7387
12244
10900
20897
17243
22470
6163
14440
17004
28735
20964
5119
24644
15740
29203
11791
3465
25319
3462
11855
5147
13955
19156
9200
29237
23897
3478
2225
29985
9021
14013
5726
13852
16556
9443
27409
9231
26617
14825
19502
10261
27389
19634
1058
17160
25188
3889
20110
28271
18890
14713
7097
9335
17705
24311
5628
18659
17285
5654
24796
18068
2384
27909
21603
19349
23852
4147
20448
17138
24048
16656
10871
17488
16722
16928
8002
8671
15512
233
6670
14723
25652
1180
16283
28769
2030
3920
4537
20755
15268
24264
7155
18702
24528
12362
23698
13277
26450
1781
27043
28570
17425
16430
10627
23877
25127
14896
29867
11266
21095
9790
4246
25411
51
13338
14464
20903
21853
16009
17339
17637
22279
22532
13971
23095
12213
23408
21322
13604
2748
20543
10579
9707
4090
1086
27119
26352
21486
27774
19698
21133
7604
8891
22128
25221
4806
28664
10458
13766
26096
22318
1604
8547
15896
12270
15679
14826
16581
7594
28487
8537
13765
1536
13157
6424
8067
28524
29259
2169
6773
7569
4680
16647
12913
28951
214
23509
27149
29914
22158
4479
8487
8025
15539
21733
4906
9761
26368
18974
14853
19325
15112
13174
10557
14448
13787
22704
20879
5642
26627
13097
6135
3146
12279
28064
16043
19988
20931
28756
2864
21494
25316
745
3977
3835
2759
26942
25453
2863
23655
21382
17186
8534
4570
27671
23386
9311
5044
26312
27083
13546
22945
10172
18865
28232
